[0.126s] DEBUG:colcon:Command line arguments: ['/usr/bin/colcon', 'build']
[0.126s] DEBUG:colcon:Parsed command line arguments: Namespace(log_base=None, log_level=None, verb_name='build', build_base='build', install_base='install', merge_install=False, symlink_install=False, test_result_base=None, continue_on_error=False, executor='parallel', parallel_workers=8, event_handlers=None, ignore_user_meta=False, metas=['./colcon.meta'], base_paths=['.'], packages_ignore=None, packages_ignore_regex=None, paths=None, packages_up_to=None, packages_up_to_regex=None, packages_above=None, packages_above_and_dependencies=None, packages_above_depth=None, packages_select_by_dep=None, packages_skip_by_dep=None, packages_skip_up_to=None, packages_select_build_failed=False, packages_skip_build_finished=False, packages_select_test_failures=False, packages_skip_test_passed=False, packages_select=None, packages_skip=None, packages_select_regex=None, packages_skip_regex=None, packages_start=None, packages_end=None, allow_overriding=[], cmake_args=None, cmake_target=None, cmake_target_skip_unavailable=False, cmake_clean_cache=False, cmake_clean_first=False, cmake_force_configure=False, ament_cmake_args=None, catkin_cmake_args=None, catkin_skip_building_tests=False, mixin_files=None, mixin=None, verb_parser=<colcon_mixin.mixin.mixin_argument.MixinArgumentDecorator object at 0x7c3334c96ea0>, verb_extension=<colcon_core.verb.build.BuildVerb object at 0x7c3334dc6e10>, main=<bound method BuildVerb.main of <colcon_core.verb.build.BuildVerb object at 0x7c3334dc6e10>>, mixin_verb=('build',))
[0.162s] Level 1:colcon.colcon_core.package_discovery:discover_packages(colcon_meta) check parameters
[0.163s] Level 1:colcon.colcon_core.package_discovery:discover_packages(recursive) check parameters
[0.163s] Level 1:colcon.colcon_core.package_discovery:discover_packages(ignore) check parameters
[0.163s] Level 1:colcon.colcon_core.package_discovery:discover_packages(path) check parameters
[0.163s] Level 1:colcon.colcon_core.package_discovery:discover_packages(colcon_meta) discover
[0.163s] Level 1:colcon.colcon_core.package_discovery:discover_packages(recursive) discover
[0.163s] INFO:colcon.colcon_core.package_discovery:Crawling recursively for packages in '/home/michele-zarantonello/my_ws'
[0.163s] Level 1:colcon.colcon_core.package_identification:_identify(.) by extensions ['ignore', 'ignore_ament_install']
[0.163s] Level 1:colcon.colcon_core.package_identification:_identify(.) by extension 'ignore'
[0.163s] Level 1:colcon.colcon_core.package_identification:_identify(.) by extension 'ignore_ament_install'
[0.163s] Level 1:colcon.colcon_core.package_identification:_identify(.) by extensions ['colcon_pkg']
[0.163s] Level 1:colcon.colcon_core.package_identification:_identify(.) by extension 'colcon_pkg'
[0.163s] Level 1:colcon.colcon_core.package_identification:_identify(.) by extensions ['colcon_meta']
[0.163s] Level 1:colcon.colcon_core.package_identification:_identify(.) by extension 'colcon_meta'
[0.163s] Level 1:colcon.colcon_core.package_identification:_identify(.) by extensions ['ros']
[0.163s] Level 1:colcon.colcon_core.package_identification:_identify(.) by extension 'ros'
[0.188s] Level 1:colcon.colcon_core.package_identification:_identify(.) by extensions ['cmake', 'python']
[0.188s] Level 1:colcon.colcon_core.package_identification:_identify(.) by extension 'cmake'
[0.188s] Level 1:colcon.colcon_core.package_identification:_identify(.) by extension 'python'
[0.188s] Level 1:colcon.colcon_core.package_identification:_identify(.) by extensions ['python_setup_py']
[0.188s] Level 1:colcon.colcon_core.package_identification:_identify(.) by extension 'python_setup_py'
[0.189s] Level 1:colcon.colcon_core.package_identification:_identify(build) by extensions ['ignore', 'ignore_ament_install']
[0.189s] Level 1:colcon.colcon_core.package_identification:_identify(build) by extension 'ignore'
[0.189s] Level 1:colcon.colcon_core.package_identification:_identify(build) ignored
[0.189s] Level 1:colcon.colcon_core.package_identification:_identify(install) by extensions ['ignore', 'ignore_ament_install']
[0.189s] Level 1:colcon.colcon_core.package_identification:_identify(install) by extension 'ignore'
[0.189s] Level 1:colcon.colcon_core.package_identification:_identify(install) ignored
[0.189s] Level 1:colcon.colcon_core.package_identification:_identify(log) by extensions ['ignore', 'ignore_ament_install']
[0.189s] Level 1:colcon.colcon_core.package_identification:_identify(log) by extension 'ignore'
[0.189s] Level 1:colcon.colcon_core.package_identification:_identify(log) ignored
[0.190s] Level 1:colcon.colcon_core.package_identification:_identify(src) by extensions ['ignore', 'ignore_ament_install']
[0.190s] Level 1:colcon.colcon_core.package_identification:_identify(src) by extension 'ignore'
[0.190s] Level 1:colcon.colcon_core.package_identification:_identify(src) by extension 'ignore_ament_install'
[0.190s] Level 1:colcon.colcon_core.package_identification:_identify(src) by extensions ['colcon_pkg']
[0.190s] Level 1:colcon.colcon_core.package_identification:_identify(src) by extension 'colcon_pkg'
[0.190s] Level 1:colcon.colcon_core.package_identification:_identify(src) by extensions ['colcon_meta']
[0.190s] Level 1:colcon.colcon_core.package_identification:_identify(src) by extension 'colcon_meta'
[0.190s] Level 1:colcon.colcon_core.package_identification:_identify(src) by extensions ['ros']
[0.190s] Level 1:colcon.colcon_core.package_identification:_identify(src) by extension 'ros'
[0.190s] Level 1:colcon.colcon_core.package_identification:_identify(src) by extensions ['cmake', 'python']
[0.190s] Level 1:colcon.colcon_core.package_identification:_identify(src) by extension 'cmake'
[0.190s] Level 1:colcon.colcon_core.package_identification:_identify(src) by extension 'python'
[0.190s] Level 1:colcon.colcon_core.package_identification:_identify(src) by extensions ['python_setup_py']
[0.190s] Level 1:colcon.colcon_core.package_identification:_identify(src) by extension 'python_setup_py'
[0.190s] Level 1:colcon.colcon_core.package_identification:_identify(src/ir_2526) by extensions ['ignore', 'ignore_ament_install']
[0.190s] Level 1:colcon.colcon_core.package_identification:_identify(src/ir_2526) by extension 'ignore'
[0.190s] Level 1:colcon.colcon_core.package_identification:_identify(src/ir_2526) by extension 'ignore_ament_install'
[0.190s] Level 1:colcon.colcon_core.package_identification:_identify(src/ir_2526) by extensions ['colcon_pkg']
[0.190s] Level 1:colcon.colcon_core.package_identification:_identify(src/ir_2526) by extension 'colcon_pkg'
[0.191s] Level 1:colcon.colcon_core.package_identification:_identify(src/ir_2526) by extensions ['colcon_meta']
[0.191s] Level 1:colcon.colcon_core.package_identification:_identify(src/ir_2526) by extension 'colcon_meta'
[0.191s] Level 1:colcon.colcon_core.package_identification:_identify(src/ir_2526) by extensions ['ros']
[0.191s] Level 1:colcon.colcon_core.package_identification:_identify(src/ir_2526) by extension 'ros'
[0.191s] Level 1:colcon.colcon_core.package_identification:_identify(src/ir_2526) by extensions ['cmake', 'python']
[0.191s] Level 1:colcon.colcon_core.package_identification:_identify(src/ir_2526) by extension 'cmake'
[0.191s] Level 1:colcon.colcon_core.package_identification:_identify(src/ir_2526) by extension 'python'
[0.191s] Level 1:colcon.colcon_core.package_identification:_identify(src/ir_2526) by extensions ['python_setup_py']
[0.191s] Level 1:colcon.colcon_core.package_identification:_identify(src/ir_2526) by extension 'python_setup_py'
[0.191s] Level 1:colcon.colcon_core.package_identification:_identify(src/ir_2526/apriltag_ros) by extensions ['ignore', 'ignore_ament_install']
[0.191s] Level 1:colcon.colcon_core.package_identification:_identify(src/ir_2526/apriltag_ros) by extension 'ignore'
[0.191s] Level 1:colcon.colcon_core.package_identification:_identify(src/ir_2526/apriltag_ros) by extension 'ignore_ament_install'
[0.191s] Level 1:colcon.colcon_core.package_identification:_identify(src/ir_2526/apriltag_ros) by extensions ['colcon_pkg']
[0.191s] Level 1:colcon.colcon_core.package_identification:_identify(src/ir_2526/apriltag_ros) by extension 'colcon_pkg'
[0.191s] Level 1:colcon.colcon_core.package_identification:_identify(src/ir_2526/apriltag_ros) by extensions ['colcon_meta']
[0.191s] Level 1:colcon.colcon_core.package_identification:_identify(src/ir_2526/apriltag_ros) by extension 'colcon_meta'
[0.191s] Level 1:colcon.colcon_core.package_identification:_identify(src/ir_2526/apriltag_ros) by extensions ['ros']
[0.191s] Level 1:colcon.colcon_core.package_identification:_identify(src/ir_2526/apriltag_ros) by extension 'ros'
[0.196s] DEBUG:colcon.colcon_core.package_identification:Package 'src/ir_2526/apriltag_ros' with type 'ros.ament_cmake' and name 'apriltag_ros'
[0.196s] Level 1:colcon.colcon_core.package_identification:_identify(src/ir_2526/ir_base) by extensions ['ignore', 'ignore_ament_install']
[0.196s] Level 1:colcon.colcon_core.package_identification:_identify(src/ir_2526/ir_base) by extension 'ignore'
[0.197s] Level 1:colcon.colcon_core.package_identification:_identify(src/ir_2526/ir_base) by extension 'ignore_ament_install'
[0.197s] Level 1:colcon.colcon_core.package_identification:_identify(src/ir_2526/ir_base) by extensions ['colcon_pkg']
[0.197s] Level 1:colcon.colcon_core.package_identification:_identify(src/ir_2526/ir_base) by extension 'colcon_pkg'
[0.197s] Level 1:colcon.colcon_core.package_identification:_identify(src/ir_2526/ir_base) by extensions ['colcon_meta']
[0.197s] Level 1:colcon.colcon_core.package_identification:_identify(src/ir_2526/ir_base) by extension 'colcon_meta'
[0.197s] Level 1:colcon.colcon_core.package_identification:_identify(src/ir_2526/ir_base) by extensions ['ros']
[0.197s] Level 1:colcon.colcon_core.package_identification:_identify(src/ir_2526/ir_base) by extension 'ros'
[0.197s] DEBUG:colcon.colcon_core.package_identification:Package 'src/ir_2526/ir_base' with type 'ros.ament_cmake' and name 'ir_base'
[0.197s] Level 1:colcon.colcon_core.package_identification:_identify(src/ir_2526/ir_desription) by extensions ['ignore', 'ignore_ament_install']
[0.198s] Level 1:colcon.colcon_core.package_identification:_identify(src/ir_2526/ir_desription) by extension 'ignore'
[0.198s] Level 1:colcon.colcon_core.package_identification:_identify(src/ir_2526/ir_desription) by extension 'ignore_ament_install'
[0.198s] Level 1:colcon.colcon_core.package_identification:_identify(src/ir_2526/ir_desription) by extensions ['colcon_pkg']
[0.198s] Level 1:colcon.colcon_core.package_identification:_identify(src/ir_2526/ir_desription) by extension 'colcon_pkg'
[0.198s] Level 1:colcon.colcon_core.package_identification:_identify(src/ir_2526/ir_desription) by extensions ['colcon_meta']
[0.198s] Level 1:colcon.colcon_core.package_identification:_identify(src/ir_2526/ir_desription) by extension 'colcon_meta'
[0.198s] Level 1:colcon.colcon_core.package_identification:_identify(src/ir_2526/ir_desription) by extensions ['ros']
[0.198s] Level 1:colcon.colcon_core.package_identification:_identify(src/ir_2526/ir_desription) by extension 'ros'
[0.198s] DEBUG:colcon.colcon_core.package_identification:Package 'src/ir_2526/ir_desription' with type 'ros.ament_cmake' and name 'ir_desription'
[0.198s] Level 1:colcon.colcon_core.package_identification:_identify(src/ir_2526/ir_launch) by extensions ['ignore', 'ignore_ament_install']
[0.199s] Level 1:colcon.colcon_core.package_identification:_identify(src/ir_2526/ir_launch) by extension 'ignore'
[0.199s] Level 1:colcon.colcon_core.package_identification:_identify(src/ir_2526/ir_launch) by extension 'ignore_ament_install'
[0.199s] Level 1:colcon.colcon_core.package_identification:_identify(src/ir_2526/ir_launch) by extensions ['colcon_pkg']
[0.199s] Level 1:colcon.colcon_core.package_identification:_identify(src/ir_2526/ir_launch) by extension 'colcon_pkg'
[0.199s] Level 1:colcon.colcon_core.package_identification:_identify(src/ir_2526/ir_launch) by extensions ['colcon_meta']
[0.199s] Level 1:colcon.colcon_core.package_identification:_identify(src/ir_2526/ir_launch) by extension 'colcon_meta'
[0.199s] Level 1:colcon.colcon_core.package_identification:_identify(src/ir_2526/ir_launch) by extensions ['ros']
[0.199s] Level 1:colcon.colcon_core.package_identification:_identify(src/ir_2526/ir_launch) by extension 'ros'
[0.199s] DEBUG:colcon.colcon_core.package_identification:Package 'src/ir_2526/ir_launch' with type 'ros.ament_cmake' and name 'ir_launch'
[0.200s] Level 1:colcon.colcon_core.package_identification:_identify(src/ir_2526/ir_movit_config) by extensions ['ignore', 'ignore_ament_install']
[0.200s] Level 1:colcon.colcon_core.package_identification:_identify(src/ir_2526/ir_movit_config) by extension 'ignore'
[0.200s] Level 1:colcon.colcon_core.package_identification:_identify(src/ir_2526/ir_movit_config) by extension 'ignore_ament_install'
[0.200s] Level 1:colcon.colcon_core.package_identification:_identify(src/ir_2526/ir_movit_config) by extensions ['colcon_pkg']
[0.200s] Level 1:colcon.colcon_core.package_identification:_identify(src/ir_2526/ir_movit_config) by extension 'colcon_pkg'
[0.200s] Level 1:colcon.colcon_core.package_identification:_identify(src/ir_2526/ir_movit_config) by extensions ['colcon_meta']
[0.200s] Level 1:colcon.colcon_core.package_identification:_identify(src/ir_2526/ir_movit_config) by extension 'colcon_meta'
[0.200s] Level 1:colcon.colcon_core.package_identification:_identify(src/ir_2526/ir_movit_config) by extensions ['ros']
[0.200s] Level 1:colcon.colcon_core.package_identification:_identify(src/ir_2526/ir_movit_config) by extension 'ros'
[0.201s] DEBUG:colcon.colcon_core.package_identification:Package 'src/ir_2526/ir_movit_config' with type 'ros.ament_cmake' and name 'ir_movit_config'
[0.201s] Level 1:colcon.colcon_core.package_identification:_identify(src/ws_group_32_assignments) by extensions ['ignore', 'ignore_ament_install']
[0.201s] Level 1:colcon.colcon_core.package_identification:_identify(src/ws_group_32_assignments) by extension 'ignore'
[0.201s] Level 1:colcon.colcon_core.package_identification:_identify(src/ws_group_32_assignments) by extension 'ignore_ament_install'
[0.201s] Level 1:colcon.colcon_core.package_identification:_identify(src/ws_group_32_assignments) by extensions ['colcon_pkg']
[0.201s] Level 1:colcon.colcon_core.package_identification:_identify(src/ws_group_32_assignments) by extension 'colcon_pkg'
[0.201s] Level 1:colcon.colcon_core.package_identification:_identify(src/ws_group_32_assignments) by extensions ['colcon_meta']
[0.201s] Level 1:colcon.colcon_core.package_identification:_identify(src/ws_group_32_assignments) by extension 'colcon_meta'
[0.201s] Level 1:colcon.colcon_core.package_identification:_identify(src/ws_group_32_assignments) by extensions ['ros']
[0.201s] Level 1:colcon.colcon_core.package_identification:_identify(src/ws_group_32_assignments) by extension 'ros'
[0.202s] Level 1:colcon.colcon_core.package_identification:_identify(src/ws_group_32_assignments) by extensions ['cmake', 'python']
[0.202s] Level 1:colcon.colcon_core.package_identification:_identify(src/ws_group_32_assignments) by extension 'cmake'
[0.202s] Level 1:colcon.colcon_core.package_identification:_identify(src/ws_group_32_assignments) by extension 'python'
[0.202s] Level 1:colcon.colcon_core.package_identification:_identify(src/ws_group_32_assignments) by extensions ['python_setup_py']
[0.202s] Level 1:colcon.colcon_core.package_identification:_identify(src/ws_group_32_assignments) by extension 'python_setup_py'
[0.202s] Level 1:colcon.colcon_core.package_identification:_identify(src/ws_group_32_assignments/group_32_apriltag) by extensions ['ignore', 'ignore_ament_install']
[0.202s] Level 1:colcon.colcon_core.package_identification:_identify(src/ws_group_32_assignments/group_32_apriltag) by extension 'ignore'
[0.202s] Level 1:colcon.colcon_core.package_identification:_identify(src/ws_group_32_assignments/group_32_apriltag) by extension 'ignore_ament_install'
[0.202s] Level 1:colcon.colcon_core.package_identification:_identify(src/ws_group_32_assignments/group_32_apriltag) by extensions ['colcon_pkg']
[0.202s] Level 1:colcon.colcon_core.package_identification:_identify(src/ws_group_32_assignments/group_32_apriltag) by extension 'colcon_pkg'
[0.202s] Level 1:colcon.colcon_core.package_identification:_identify(src/ws_group_32_assignments/group_32_apriltag) by extensions ['colcon_meta']
[0.202s] Level 1:colcon.colcon_core.package_identification:_identify(src/ws_group_32_assignments/group_32_apriltag) by extension 'colcon_meta'
[0.202s] Level 1:colcon.colcon_core.package_identification:_identify(src/ws_group_32_assignments/group_32_apriltag) by extensions ['ros']
[0.202s] Level 1:colcon.colcon_core.package_identification:_identify(src/ws_group_32_assignments/group_32_apriltag) by extension 'ros'
[0.203s] DEBUG:colcon.colcon_core.package_identification:Package 'src/ws_group_32_assignments/group_32_apriltag' with type 'ros.ament_cmake' and name 'group_32_apriltag'
[0.204s] Level 1:colcon.colcon_core.package_identification:_identify(src/ws_group_32_assignments/group_32_launch) by extensions ['ignore', 'ignore_ament_install']
[0.204s] Level 1:colcon.colcon_core.package_identification:_identify(src/ws_group_32_assignments/group_32_launch) by extension 'ignore'
[0.204s] Level 1:colcon.colcon_core.package_identification:_identify(src/ws_group_32_assignments/group_32_launch) by extension 'ignore_ament_install'
[0.204s] Level 1:colcon.colcon_core.package_identification:_identify(src/ws_group_32_assignments/group_32_launch) by extensions ['colcon_pkg']
[0.204s] Level 1:colcon.colcon_core.package_identification:_identify(src/ws_group_32_assignments/group_32_launch) by extension 'colcon_pkg'
[0.204s] Level 1:colcon.colcon_core.package_identification:_identify(src/ws_group_32_assignments/group_32_launch) by extensions ['colcon_meta']
[0.204s] Level 1:colcon.colcon_core.package_identification:_identify(src/ws_group_32_assignments/group_32_launch) by extension 'colcon_meta'
[0.204s] Level 1:colcon.colcon_core.package_identification:_identify(src/ws_group_32_assignments/group_32_launch) by extensions ['ros']
[0.204s] Level 1:colcon.colcon_core.package_identification:_identify(src/ws_group_32_assignments/group_32_launch) by extension 'ros'
[0.205s] DEBUG:colcon.colcon_core.package_identification:Package 'src/ws_group_32_assignments/group_32_launch' with type 'ros.ament_cmake' and name 'group_32_launch'
[0.205s] Level 1:colcon.colcon_core.package_identification:_identify(src/ws_group_32_assignments/group_32_navigation) by extensions ['ignore', 'ignore_ament_install']
[0.205s] Level 1:colcon.colcon_core.package_identification:_identify(src/ws_group_32_assignments/group_32_navigation) by extension 'ignore'
[0.205s] Level 1:colcon.colcon_core.package_identification:_identify(src/ws_group_32_assignments/group_32_navigation) by extension 'ignore_ament_install'
[0.205s] Level 1:colcon.colcon_core.package_identification:_identify(src/ws_group_32_assignments/group_32_navigation) by extensions ['colcon_pkg']
[0.205s] Level 1:colcon.colcon_core.package_identification:_identify(src/ws_group_32_assignments/group_32_navigation) by extension 'colcon_pkg'
[0.205s] Level 1:colcon.colcon_core.package_identification:_identify(src/ws_group_32_assignments/group_32_navigation) by extensions ['colcon_meta']
[0.205s] Level 1:colcon.colcon_core.package_identification:_identify(src/ws_group_32_assignments/group_32_navigation) by extension 'colcon_meta'
[0.205s] Level 1:colcon.colcon_core.package_identification:_identify(src/ws_group_32_assignments/group_32_navigation) by extensions ['ros']
[0.205s] Level 1:colcon.colcon_core.package_identification:_identify(src/ws_group_32_assignments/group_32_navigation) by extension 'ros'
[0.206s] DEBUG:colcon.colcon_core.package_identification:Package 'src/ws_group_32_assignments/group_32_navigation' with type 'ros.ament_cmake' and name 'group_32_navigation'
[0.206s] Level 1:colcon.colcon_core.package_discovery:discover_packages(recursive) using defaults
[0.206s] Level 1:colcon.colcon_core.package_discovery:discover_packages(ignore) discover
[0.206s] Level 1:colcon.colcon_core.package_discovery:discover_packages(ignore) using defaults
[0.206s] Level 1:colcon.colcon_core.package_discovery:discover_packages(path) discover
[0.206s] Level 1:colcon.colcon_core.package_discovery:discover_packages(path) using defaults
[0.224s] Level 1:colcon.colcon_core.package_discovery:discover_packages(prefix_path) check parameters
[0.224s] Level 1:colcon.colcon_core.package_discovery:discover_packages(prefix_path) discover
[0.227s] DEBUG:colcon.colcon_installed_package_information.package_discovery:Found 472 installed packages in /opt/ros/jazzy
[0.228s] Level 1:colcon.colcon_core.package_discovery:discover_packages(prefix_path) using defaults
[0.305s] Level 5:colcon.colcon_core.verb:set package 'apriltag_ros' build argument 'cmake_args' from command line to 'None'
[0.305s] Level 5:colcon.colcon_core.verb:set package 'apriltag_ros' build argument 'cmake_target' from command line to 'None'
[0.305s] Level 5:colcon.colcon_core.verb:set package 'apriltag_ros' build argument 'cmake_target_skip_unavailable' from command line to 'False'
[0.305s] Level 5:colcon.colcon_core.verb:set package 'apriltag_ros' build argument 'cmake_clean_cache' from command line to 'False'
[0.305s] Level 5:colcon.colcon_core.verb:set package 'apriltag_ros' build argument 'cmake_clean_first' from command line to 'False'
[0.305s] Level 5:colcon.colcon_core.verb:set package 'apriltag_ros' build argument 'cmake_force_configure' from command line to 'False'
[0.305s] Level 5:colcon.colcon_core.verb:set package 'apriltag_ros' build argument 'ament_cmake_args' from command line to 'None'
[0.305s] Level 5:colcon.colcon_core.verb:set package 'apriltag_ros' build argument 'catkin_cmake_args' from command line to 'None'
[0.305s] Level 5:colcon.colcon_core.verb:set package 'apriltag_ros' build argument 'catkin_skip_building_tests' from command line to 'False'
[0.305s] DEBUG:colcon.colcon_core.verb:Building package 'apriltag_ros' with the following arguments: {'ament_cmake_args': None, 'build_base': '/home/michele-zarantonello/my_ws/build/apriltag_ros', 'catkin_cmake_args': None, 'catkin_skip_building_tests': False, 'cmake_args': None, 'cmake_clean_cache': False, 'cmake_clean_first': False, 'cmake_force_configure': False, 'cmake_target': None, 'cmake_target_skip_unavailable': False, 'install_base': '/home/michele-zarantonello/my_ws/install/apriltag_ros', 'merge_install': False, 'path': '/home/michele-zarantonello/my_ws/src/ir_2526/apriltag_ros', 'symlink_install': False, 'test_result_base': None}
[0.305s] Level 5:colcon.colcon_core.verb:set package 'group_32_apriltag' build argument 'cmake_args' from command line to 'None'
[0.305s] Level 5:colcon.colcon_core.verb:set package 'group_32_apriltag' build argument 'cmake_target' from command line to 'None'
[0.305s] Level 5:colcon.colcon_core.verb:set package 'group_32_apriltag' build argument 'cmake_target_skip_unavailable' from command line to 'False'
[0.305s] Level 5:colcon.colcon_core.verb:set package 'group_32_apriltag' build argument 'cmake_clean_cache' from command line to 'False'
[0.305s] Level 5:colcon.colcon_core.verb:set package 'group_32_apriltag' build argument 'cmake_clean_first' from command line to 'False'
[0.305s] Level 5:colcon.colcon_core.verb:set package 'group_32_apriltag' build argument 'cmake_force_configure' from command line to 'False'
[0.305s] Level 5:colcon.colcon_core.verb:set package 'group_32_apriltag' build argument 'ament_cmake_args' from command line to 'None'
[0.305s] Level 5:colcon.colcon_core.verb:set package 'group_32_apriltag' build argument 'catkin_cmake_args' from command line to 'None'
[0.305s] Level 5:colcon.colcon_core.verb:set package 'group_32_apriltag' build argument 'catkin_skip_building_tests' from command line to 'False'
[0.306s] DEBUG:colcon.colcon_core.verb:Building package 'group_32_apriltag' with the following arguments: {'ament_cmake_args': None, 'build_base': '/home/michele-zarantonello/my_ws/build/group_32_apriltag', 'catkin_cmake_args': None, 'catkin_skip_building_tests': False, 'cmake_args': None, 'cmake_clean_cache': False, 'cmake_clean_first': False, 'cmake_force_configure': False, 'cmake_target': None, 'cmake_target_skip_unavailable': False, 'install_base': '/home/michele-zarantonello/my_ws/install/group_32_apriltag', 'merge_install': False, 'path': '/home/michele-zarantonello/my_ws/src/ws_group_32_assignments/group_32_apriltag', 'symlink_install': False, 'test_result_base': None}
[0.306s] Level 5:colcon.colcon_core.verb:set package 'group_32_launch' build argument 'cmake_args' from command line to 'None'
[0.306s] Level 5:colcon.colcon_core.verb:set package 'group_32_launch' build argument 'cmake_target' from command line to 'None'
[0.306s] Level 5:colcon.colcon_core.verb:set package 'group_32_launch' build argument 'cmake_target_skip_unavailable' from command line to 'False'
[0.306s] Level 5:colcon.colcon_core.verb:set package 'group_32_launch' build argument 'cmake_clean_cache' from command line to 'False'
[0.306s] Level 5:colcon.colcon_core.verb:set package 'group_32_launch' build argument 'cmake_clean_first' from command line to 'False'
[0.306s] Level 5:colcon.colcon_core.verb:set package 'group_32_launch' build argument 'cmake_force_configure' from command line to 'False'
[0.306s] Level 5:colcon.colcon_core.verb:set package 'group_32_launch' build argument 'ament_cmake_args' from command line to 'None'
[0.306s] Level 5:colcon.colcon_core.verb:set package 'group_32_launch' build argument 'catkin_cmake_args' from command line to 'None'
[0.306s] Level 5:colcon.colcon_core.verb:set package 'group_32_launch' build argument 'catkin_skip_building_tests' from command line to 'False'
[0.306s] DEBUG:colcon.colcon_core.verb:Building package 'group_32_launch' with the following arguments: {'ament_cmake_args': None, 'build_base': '/home/michele-zarantonello/my_ws/build/group_32_launch', 'catkin_cmake_args': None, 'catkin_skip_building_tests': False, 'cmake_args': None, 'cmake_clean_cache': False, 'cmake_clean_first': False, 'cmake_force_configure': False, 'cmake_target': None, 'cmake_target_skip_unavailable': False, 'install_base': '/home/michele-zarantonello/my_ws/install/group_32_launch', 'merge_install': False, 'path': '/home/michele-zarantonello/my_ws/src/ws_group_32_assignments/group_32_launch', 'symlink_install': False, 'test_result_base': None}
[0.306s] Level 5:colcon.colcon_core.verb:set package 'group_32_navigation' build argument 'cmake_args' from command line to 'None'
[0.306s] Level 5:colcon.colcon_core.verb:set package 'group_32_navigation' build argument 'cmake_target' from command line to 'None'
[0.306s] Level 5:colcon.colcon_core.verb:set package 'group_32_navigation' build argument 'cmake_target_skip_unavailable' from command line to 'False'
[0.306s] Level 5:colcon.colcon_core.verb:set package 'group_32_navigation' build argument 'cmake_clean_cache' from command line to 'False'
[0.306s] Level 5:colcon.colcon_core.verb:set package 'group_32_navigation' build argument 'cmake_clean_first' from command line to 'False'
[0.306s] Level 5:colcon.colcon_core.verb:set package 'group_32_navigation' build argument 'cmake_force_configure' from command line to 'False'
[0.306s] Level 5:colcon.colcon_core.verb:set package 'group_32_navigation' build argument 'ament_cmake_args' from command line to 'None'
[0.306s] Level 5:colcon.colcon_core.verb:set package 'group_32_navigation' build argument 'catkin_cmake_args' from command line to 'None'
[0.306s] Level 5:colcon.colcon_core.verb:set package 'group_32_navigation' build argument 'catkin_skip_building_tests' from command line to 'False'
[0.307s] DEBUG:colcon.colcon_core.verb:Building package 'group_32_navigation' with the following arguments: {'ament_cmake_args': None, 'build_base': '/home/michele-zarantonello/my_ws/build/group_32_navigation', 'catkin_cmake_args': None, 'catkin_skip_building_tests': False, 'cmake_args': None, 'cmake_clean_cache': False, 'cmake_clean_first': False, 'cmake_force_configure': False, 'cmake_target': None, 'cmake_target_skip_unavailable': False, 'install_base': '/home/michele-zarantonello/my_ws/install/group_32_navigation', 'merge_install': False, 'path': '/home/michele-zarantonello/my_ws/src/ws_group_32_assignments/group_32_navigation', 'symlink_install': False, 'test_result_base': None}
[0.307s] Level 5:colcon.colcon_core.verb:set package 'ir_base' build argument 'cmake_args' from command line to 'None'
[0.307s] Level 5:colcon.colcon_core.verb:set package 'ir_base' build argument 'cmake_target' from command line to 'None'
[0.307s] Level 5:colcon.colcon_core.verb:set package 'ir_base' build argument 'cmake_target_skip_unavailable' from command line to 'False'
[0.307s] Level 5:colcon.colcon_core.verb:set package 'ir_base' build argument 'cmake_clean_cache' from command line to 'False'
[0.307s] Level 5:colcon.colcon_core.verb:set package 'ir_base' build argument 'cmake_clean_first' from command line to 'False'
[0.307s] Level 5:colcon.colcon_core.verb:set package 'ir_base' build argument 'cmake_force_configure' from command line to 'False'
[0.307s] Level 5:colcon.colcon_core.verb:set package 'ir_base' build argument 'ament_cmake_args' from command line to 'None'
[0.307s] Level 5:colcon.colcon_core.verb:set package 'ir_base' build argument 'catkin_cmake_args' from command line to 'None'
[0.307s] Level 5:colcon.colcon_core.verb:set package 'ir_base' build argument 'catkin_skip_building_tests' from command line to 'False'
[0.307s] DEBUG:colcon.colcon_core.verb:Building package 'ir_base' with the following arguments: {'ament_cmake_args': None, 'build_base': '/home/michele-zarantonello/my_ws/build/ir_base', 'catkin_cmake_args': None, 'catkin_skip_building_tests': False, 'cmake_args': None, 'cmake_clean_cache': False, 'cmake_clean_first': False, 'cmake_force_configure': False, 'cmake_target': None, 'cmake_target_skip_unavailable': False, 'install_base': '/home/michele-zarantonello/my_ws/install/ir_base', 'merge_install': False, 'path': '/home/michele-zarantonello/my_ws/src/ir_2526/ir_base', 'symlink_install': False, 'test_result_base': None}
[0.307s] Level 5:colcon.colcon_core.verb:set package 'ir_desription' build argument 'cmake_args' from command line to 'None'
[0.307s] Level 5:colcon.colcon_core.verb:set package 'ir_desription' build argument 'cmake_target' from command line to 'None'
[0.307s] Level 5:colcon.colcon_core.verb:set package 'ir_desription' build argument 'cmake_target_skip_unavailable' from command line to 'False'
[0.307s] Level 5:colcon.colcon_core.verb:set package 'ir_desription' build argument 'cmake_clean_cache' from command line to 'False'
[0.307s] Level 5:colcon.colcon_core.verb:set package 'ir_desription' build argument 'cmake_clean_first' from command line to 'False'
[0.307s] Level 5:colcon.colcon_core.verb:set package 'ir_desription' build argument 'cmake_force_configure' from command line to 'False'
[0.307s] Level 5:colcon.colcon_core.verb:set package 'ir_desription' build argument 'ament_cmake_args' from command line to 'None'
[0.307s] Level 5:colcon.colcon_core.verb:set package 'ir_desription' build argument 'catkin_cmake_args' from command line to 'None'
[0.307s] Level 5:colcon.colcon_core.verb:set package 'ir_desription' build argument 'catkin_skip_building_tests' from command line to 'False'
[0.307s] DEBUG:colcon.colcon_core.verb:Building package 'ir_desription' with the following arguments: {'ament_cmake_args': None, 'build_base': '/home/michele-zarantonello/my_ws/build/ir_desription', 'catkin_cmake_args': None, 'catkin_skip_building_tests': False, 'cmake_args': None, 'cmake_clean_cache': False, 'cmake_clean_first': False, 'cmake_force_configure': False, 'cmake_target': None, 'cmake_target_skip_unavailable': False, 'install_base': '/home/michele-zarantonello/my_ws/install/ir_desription', 'merge_install': False, 'path': '/home/michele-zarantonello/my_ws/src/ir_2526/ir_desription', 'symlink_install': False, 'test_result_base': None}
[0.308s] Level 5:colcon.colcon_core.verb:set package 'ir_launch' build argument 'cmake_args' from command line to 'None'
[0.308s] Level 5:colcon.colcon_core.verb:set package 'ir_launch' build argument 'cmake_target' from command line to 'None'
[0.308s] Level 5:colcon.colcon_core.verb:set package 'ir_launch' build argument 'cmake_target_skip_unavailable' from command line to 'False'
[0.308s] Level 5:colcon.colcon_core.verb:set package 'ir_launch' build argument 'cmake_clean_cache' from command line to 'False'
[0.308s] Level 5:colcon.colcon_core.verb:set package 'ir_launch' build argument 'cmake_clean_first' from command line to 'False'
[0.308s] Level 5:colcon.colcon_core.verb:set package 'ir_launch' build argument 'cmake_force_configure' from command line to 'False'
[0.308s] Level 5:colcon.colcon_core.verb:set package 'ir_launch' build argument 'ament_cmake_args' from command line to 'None'
[0.308s] Level 5:colcon.colcon_core.verb:set package 'ir_launch' build argument 'catkin_cmake_args' from command line to 'None'
[0.308s] Level 5:colcon.colcon_core.verb:set package 'ir_launch' build argument 'catkin_skip_building_tests' from command line to 'False'
[0.308s] DEBUG:colcon.colcon_core.verb:Building package 'ir_launch' with the following arguments: {'ament_cmake_args': None, 'build_base': '/home/michele-zarantonello/my_ws/build/ir_launch', 'catkin_cmake_args': None, 'catkin_skip_building_tests': False, 'cmake_args': None, 'cmake_clean_cache': False, 'cmake_clean_first': False, 'cmake_force_configure': False, 'cmake_target': None, 'cmake_target_skip_unavailable': False, 'install_base': '/home/michele-zarantonello/my_ws/install/ir_launch', 'merge_install': False, 'path': '/home/michele-zarantonello/my_ws/src/ir_2526/ir_launch', 'symlink_install': False, 'test_result_base': None}
[0.308s] Level 5:colcon.colcon_core.verb:set package 'ir_movit_config' build argument 'cmake_args' from command line to 'None'
[0.308s] Level 5:colcon.colcon_core.verb:set package 'ir_movit_config' build argument 'cmake_target' from command line to 'None'
[0.308s] Level 5:colcon.colcon_core.verb:set package 'ir_movit_config' build argument 'cmake_target_skip_unavailable' from command line to 'False'
[0.308s] Level 5:colcon.colcon_core.verb:set package 'ir_movit_config' build argument 'cmake_clean_cache' from command line to 'False'
[0.308s] Level 5:colcon.colcon_core.verb:set package 'ir_movit_config' build argument 'cmake_clean_first' from command line to 'False'
[0.308s] Level 5:colcon.colcon_core.verb:set package 'ir_movit_config' build argument 'cmake_force_configure' from command line to 'False'
[0.308s] Level 5:colcon.colcon_core.verb:set package 'ir_movit_config' build argument 'ament_cmake_args' from command line to 'None'
[0.308s] Level 5:colcon.colcon_core.verb:set package 'ir_movit_config' build argument 'catkin_cmake_args' from command line to 'None'
[0.308s] Level 5:colcon.colcon_core.verb:set package 'ir_movit_config' build argument 'catkin_skip_building_tests' from command line to 'False'
[0.308s] DEBUG:colcon.colcon_core.verb:Building package 'ir_movit_config' with the following arguments: {'ament_cmake_args': None, 'build_base': '/home/michele-zarantonello/my_ws/build/ir_movit_config', 'catkin_cmake_args': None, 'catkin_skip_building_tests': False, 'cmake_args': None, 'cmake_clean_cache': False, 'cmake_clean_first': False, 'cmake_force_configure': False, 'cmake_target': None, 'cmake_target_skip_unavailable': False, 'install_base': '/home/michele-zarantonello/my_ws/install/ir_movit_config', 'merge_install': False, 'path': '/home/michele-zarantonello/my_ws/src/ir_2526/ir_movit_config', 'symlink_install': False, 'test_result_base': None}
[0.309s] INFO:colcon.colcon_core.executor:Executing jobs using 'parallel' executor
[0.309s] DEBUG:colcon.colcon_parallel_executor.executor.parallel:run_until_complete
[0.310s] INFO:colcon.colcon_ros.task.ament_cmake.build:Building ROS package in '/home/michele-zarantonello/my_ws/src/ir_2526/ir_desription' with build type 'ament_cmake'
[0.310s] INFO:colcon.colcon_cmake.task.cmake.build:Building CMake package in '/home/michele-zarantonello/my_ws/src/ir_2526/ir_desription'
[0.312s] INFO:colcon.colcon_core.plugin_system:Skipping extension 'colcon_core.shell.bat': Not used on non-Windows systems
[0.312s] INFO:colcon.colcon_core.shell:Skip shell extension 'powershell' for command environment: Not usable outside of PowerShell
[0.312s] DEBUG:colcon.colcon_core.shell:Skip shell extension 'dsv' for command environment
[0.315s] INFO:colcon.colcon_ros.task.ament_cmake.build:Building ROS package in '/home/michele-zarantonello/my_ws/src/ir_2526/apriltag_ros' with build type 'ament_cmake'
[0.316s] INFO:colcon.colcon_cmake.task.cmake.build:Building CMake package in '/home/michele-zarantonello/my_ws/src/ir_2526/apriltag_ros'
[0.316s] INFO:colcon.colcon_core.shell:Skip shell extension 'powershell' for command environment: Not usable outside of PowerShell
[0.316s] DEBUG:colcon.colcon_core.shell:Skip shell extension 'dsv' for command environment
[0.320s] INFO:colcon.colcon_ros.task.ament_cmake.build:Building ROS package in '/home/michele-zarantonello/my_ws/src/ws_group_32_assignments/group_32_apriltag' with build type 'ament_cmake'
[0.321s] INFO:colcon.colcon_cmake.task.cmake.build:Building CMake package in '/home/michele-zarantonello/my_ws/src/ws_group_32_assignments/group_32_apriltag'
[0.321s] INFO:colcon.colcon_core.shell:Skip shell extension 'powershell' for command environment: Not usable outside of PowerShell
[0.321s] DEBUG:colcon.colcon_core.shell:Skip shell extension 'dsv' for command environment
[0.326s] INFO:colcon.colcon_ros.task.ament_cmake.build:Building ROS package in '/home/michele-zarantonello/my_ws/src/ws_group_32_assignments/group_32_launch' with build type 'ament_cmake'
[0.326s] INFO:colcon.colcon_cmake.task.cmake.build:Building CMake package in '/home/michele-zarantonello/my_ws/src/ws_group_32_assignments/group_32_launch'
[0.327s] INFO:colcon.colcon_core.shell:Skip shell extension 'powershell' for command environment: Not usable outside of PowerShell
[0.327s] DEBUG:colcon.colcon_core.shell:Skip shell extension 'dsv' for command environment
[0.331s] INFO:colcon.colcon_ros.task.ament_cmake.build:Building ROS package in '/home/michele-zarantonello/my_ws/src/ws_group_32_assignments/group_32_navigation' with build type 'ament_cmake'
[0.331s] INFO:colcon.colcon_cmake.task.cmake.build:Building CMake package in '/home/michele-zarantonello/my_ws/src/ws_group_32_assignments/group_32_navigation'
[0.331s] INFO:colcon.colcon_core.shell:Skip shell extension 'powershell' for command environment: Not usable outside of PowerShell
[0.331s] DEBUG:colcon.colcon_core.shell:Skip shell extension 'dsv' for command environment
[0.335s] INFO:colcon.colcon_ros.task.ament_cmake.build:Building ROS package in '/home/michele-zarantonello/my_ws/src/ir_2526/ir_base' with build type 'ament_cmake'
[0.335s] INFO:colcon.colcon_cmake.task.cmake.build:Building CMake package in '/home/michele-zarantonello/my_ws/src/ir_2526/ir_base'
[0.335s] INFO:colcon.colcon_core.shell:Skip shell extension 'powershell' for command environment: Not usable outside of PowerShell
[0.335s] DEBUG:colcon.colcon_core.shell:Skip shell extension 'dsv' for command environment
[0.340s] INFO:colcon.colcon_ros.task.ament_cmake.build:Building ROS package in '/home/michele-zarantonello/my_ws/src/ir_2526/ir_launch' with build type 'ament_cmake'
[0.340s] INFO:colcon.colcon_cmake.task.cmake.build:Building CMake package in '/home/michele-zarantonello/my_ws/src/ir_2526/ir_launch'
[0.341s] INFO:colcon.colcon_core.shell:Skip shell extension 'powershell' for command environment: Not usable outside of PowerShell
[0.341s] DEBUG:colcon.colcon_core.shell:Skip shell extension 'dsv' for command environment
[0.350s] DEBUG:colcon.colcon_core.event_handler.log_command:Invoking command in '/home/michele-zarantonello/my_ws/build/ir_desription': CMAKE_PREFIX_PATH=${CMAKE_PREFIX_PATH}:/opt/ros/jazzy DEBUGINFOD_URLS=https://debuginfod.ubuntu.com /usr/bin/cmake --build /home/michele-zarantonello/my_ws/build/ir_desription -- -j8 -l8
[0.353s] DEBUG:colcon.colcon_core.event_handler.log_command:Invoking command in '/home/michele-zarantonello/my_ws/build/apriltag_ros': CMAKE_PREFIX_PATH=${CMAKE_PREFIX_PATH}:/opt/ros/jazzy DEBUGINFOD_URLS=https://debuginfod.ubuntu.com /usr/bin/cmake --build /home/michele-zarantonello/my_ws/build/apriltag_ros -- -j8 -l8
[0.359s] DEBUG:colcon.colcon_core.event_handler.log_command:Invoking command in '/home/michele-zarantonello/my_ws/build/group_32_apriltag': CMAKE_PREFIX_PATH=${CMAKE_PREFIX_PATH}:/opt/ros/jazzy DEBUGINFOD_URLS=https://debuginfod.ubuntu.com /usr/bin/cmake /home/michele-zarantonello/my_ws/src/ws_group_32_assignments/group_32_apriltag -DCMAKE_INSTALL_PREFIX=/home/michele-zarantonello/my_ws/install/group_32_apriltag
[0.362s] DEBUG:colcon.colcon_core.event_handler.log_command:Invoking command in '/home/michele-zarantonello/my_ws/build/group_32_launch': CMAKE_PREFIX_PATH=${CMAKE_PREFIX_PATH}:/opt/ros/jazzy DEBUGINFOD_URLS=https://debuginfod.ubuntu.com /usr/bin/cmake /home/michele-zarantonello/my_ws/src/ws_group_32_assignments/group_32_launch -DCMAKE_INSTALL_PREFIX=/home/michele-zarantonello/my_ws/install/group_32_launch
[0.372s] DEBUG:colcon.colcon_core.event_handler.log_command:Invoking command in '/home/michele-zarantonello/my_ws/build/group_32_navigation': CMAKE_PREFIX_PATH=${CMAKE_PREFIX_PATH}:/opt/ros/jazzy DEBUGINFOD_URLS=https://debuginfod.ubuntu.com /usr/bin/cmake /home/michele-zarantonello/my_ws/src/ws_group_32_assignments/group_32_navigation -DCMAKE_INSTALL_PREFIX=/home/michele-zarantonello/my_ws/install/group_32_navigation
[0.376s] DEBUG:colcon.colcon_core.event_handler.log_command:Invoking command in '/home/michele-zarantonello/my_ws/build/ir_base': CMAKE_PREFIX_PATH=${CMAKE_PREFIX_PATH}:/opt/ros/jazzy DEBUGINFOD_URLS=https://debuginfod.ubuntu.com /usr/bin/cmake --build /home/michele-zarantonello/my_ws/build/ir_base -- -j8 -l8
[0.389s] DEBUG:colcon.colcon_core.event_handler.log_command:Invoking command in '/home/michele-zarantonello/my_ws/build/ir_launch': CMAKE_PREFIX_PATH=${CMAKE_PREFIX_PATH}:/opt/ros/jazzy DEBUGINFOD_URLS=https://debuginfod.ubuntu.com /usr/bin/cmake --build /home/michele-zarantonello/my_ws/build/ir_launch -- -j8 -l8
[0.425s] DEBUG:colcon.colcon_core.event_handler.log_command:Invoked command in '/home/michele-zarantonello/my_ws/build/ir_desription' returned '0': CMAKE_PREFIX_PATH=${CMAKE_PREFIX_PATH}:/opt/ros/jazzy DEBUGINFOD_URLS=https://debuginfod.ubuntu.com /usr/bin/cmake --build /home/michele-zarantonello/my_ws/build/ir_desription -- -j8 -l8
[0.448s] DEBUG:colcon.colcon_core.event_handler.log_command:Invoking command in '/home/michele-zarantonello/my_ws/build/ir_desription': CMAKE_PREFIX_PATH=${CMAKE_PREFIX_PATH}:/opt/ros/jazzy DEBUGINFOD_URLS=https://debuginfod.ubuntu.com /usr/bin/cmake --install /home/michele-zarantonello/my_ws/build/ir_desription
[0.452s] DEBUG:colcon.colcon_core.event_handler.log_command:Invoked command in '/home/michele-zarantonello/my_ws/build/ir_base' returned '0': CMAKE_PREFIX_PATH=${CMAKE_PREFIX_PATH}:/opt/ros/jazzy DEBUGINFOD_URLS=https://debuginfod.ubuntu.com /usr/bin/cmake --build /home/michele-zarantonello/my_ws/build/ir_base -- -j8 -l8
[0.455s] DEBUG:colcon.colcon_core.event_handler.log_command:Invoking command in '/home/michele-zarantonello/my_ws/build/ir_base': CMAKE_PREFIX_PATH=${CMAKE_PREFIX_PATH}:/opt/ros/jazzy DEBUGINFOD_URLS=https://debuginfod.ubuntu.com /usr/bin/cmake --install /home/michele-zarantonello/my_ws/build/ir_base
[0.461s] DEBUG:colcon.colcon_core.event_handler.log_command:Invoked command in '/home/michele-zarantonello/my_ws/build/ir_launch' returned '0': CMAKE_PREFIX_PATH=${CMAKE_PREFIX_PATH}:/opt/ros/jazzy DEBUGINFOD_URLS=https://debuginfod.ubuntu.com /usr/bin/cmake --build /home/michele-zarantonello/my_ws/build/ir_launch -- -j8 -l8
[0.463s] DEBUG:colcon.colcon_core.event_handler.log_command:Invoking command in '/home/michele-zarantonello/my_ws/build/ir_launch': CMAKE_PREFIX_PATH=${CMAKE_PREFIX_PATH}:/opt/ros/jazzy DEBUGINFOD_URLS=https://debuginfod.ubuntu.com /usr/bin/cmake --install /home/michele-zarantonello/my_ws/build/ir_launch
[0.471s] Level 1:colcon.colcon_core.environment:create_environment_scripts_only(ir_desription)
[0.481s] DEBUG:colcon.colcon_core.event_handler.log_command:Invoked command in '/home/michele-zarantonello/my_ws/build/ir_desription' returned '0': CMAKE_PREFIX_PATH=${CMAKE_PREFIX_PATH}:/opt/ros/jazzy DEBUGINFOD_URLS=https://debuginfod.ubuntu.com /usr/bin/cmake --install /home/michele-zarantonello/my_ws/build/ir_desription
[0.490s] Level 1:colcon.colcon_core.environment:checking '/home/michele-zarantonello/my_ws/install/ir_desription' for CMake module files
[0.496s] Level 1:colcon.colcon_core.environment:checking '/home/michele-zarantonello/my_ws/install/ir_desription' for CMake config files
[0.500s] Level 1:colcon.colcon_core.shell:create_environment_hook('ir_desription', 'cmake_prefix_path')
[0.500s] INFO:colcon.colcon_core.shell:Creating environment hook '/home/michele-zarantonello/my_ws/install/ir_desription/share/ir_desription/hook/cmake_prefix_path.ps1'
[0.500s] INFO:colcon.colcon_core.shell:Creating environment descriptor '/home/michele-zarantonello/my_ws/install/ir_desription/share/ir_desription/hook/cmake_prefix_path.dsv'
[0.501s] INFO:colcon.colcon_core.shell:Creating environment hook '/home/michele-zarantonello/my_ws/install/ir_desription/share/ir_desription/hook/cmake_prefix_path.sh'
[0.502s] Level 1:colcon.colcon_core.environment:checking '/home/michele-zarantonello/my_ws/install/ir_desription/bin'
[0.502s] Level 1:colcon.colcon_core.environment:checking '/home/michele-zarantonello/my_ws/install/ir_desription/lib/pkgconfig/ir_desription.pc'
[0.502s] Level 1:colcon.colcon_core.environment:checking '/home/michele-zarantonello/my_ws/install/ir_desription/lib/python3.12/site-packages'
[0.502s] Level 1:colcon.colcon_core.environment:checking '/home/michele-zarantonello/my_ws/install/ir_desription/bin'
[0.503s] INFO:colcon.colcon_core.shell:Creating package script '/home/michele-zarantonello/my_ws/install/ir_desription/share/ir_desription/package.ps1'
[0.503s] INFO:colcon.colcon_core.shell:Creating package descriptor '/home/michele-zarantonello/my_ws/install/ir_desription/share/ir_desription/package.dsv'
[0.504s] INFO:colcon.colcon_core.shell:Creating package script '/home/michele-zarantonello/my_ws/install/ir_desription/share/ir_desription/package.sh'
[0.505s] INFO:colcon.colcon_core.shell:Creating package script '/home/michele-zarantonello/my_ws/install/ir_desription/share/ir_desription/package.bash'
[0.505s] INFO:colcon.colcon_core.shell:Creating package script '/home/michele-zarantonello/my_ws/install/ir_desription/share/ir_desription/package.zsh'
[0.506s] Level 1:colcon.colcon_core.environment:create_file_with_runtime_dependencies(/home/michele-zarantonello/my_ws/install/ir_desription/share/colcon-core/packages/ir_desription)
[0.507s] Level 1:colcon.colcon_core.environment:create_environment_scripts_only(ir_desription)
[0.507s] Level 1:colcon.colcon_core.environment:checking '/home/michele-zarantonello/my_ws/install/ir_desription' for CMake module files
[0.508s] Level 1:colcon.colcon_core.environment:checking '/home/michele-zarantonello/my_ws/install/ir_desription' for CMake config files
[0.508s] Level 1:colcon.colcon_core.shell:create_environment_hook('ir_desription', 'cmake_prefix_path')
[0.508s] INFO:colcon.colcon_core.shell:Creating environment hook '/home/michele-zarantonello/my_ws/install/ir_desription/share/ir_desription/hook/cmake_prefix_path.ps1'
[0.509s] INFO:colcon.colcon_core.shell:Creating environment descriptor '/home/michele-zarantonello/my_ws/install/ir_desription/share/ir_desription/hook/cmake_prefix_path.dsv'
[0.509s] INFO:colcon.colcon_core.shell:Creating environment hook '/home/michele-zarantonello/my_ws/install/ir_desription/share/ir_desription/hook/cmake_prefix_path.sh'
[0.510s] Level 1:colcon.colcon_core.environment:checking '/home/michele-zarantonello/my_ws/install/ir_desription/bin'
[0.510s] Level 1:colcon.colcon_core.environment:checking '/home/michele-zarantonello/my_ws/install/ir_desription/lib/pkgconfig/ir_desription.pc'
[0.510s] Level 1:colcon.colcon_core.environment:checking '/home/michele-zarantonello/my_ws/install/ir_desription/lib/python3.12/site-packages'
[0.510s] Level 1:colcon.colcon_core.environment:checking '/home/michele-zarantonello/my_ws/install/ir_desription/bin'
[0.511s] INFO:colcon.colcon_core.shell:Creating package script '/home/michele-zarantonello/my_ws/install/ir_desription/share/ir_desription/package.ps1'
[0.511s] INFO:colcon.colcon_core.shell:Creating package descriptor '/home/michele-zarantonello/my_ws/install/ir_desription/share/ir_desription/package.dsv'
[0.512s] INFO:colcon.colcon_core.shell:Creating package script '/home/michele-zarantonello/my_ws/install/ir_desription/share/ir_desription/package.sh'
[0.512s] INFO:colcon.colcon_core.shell:Creating package script '/home/michele-zarantonello/my_ws/install/ir_desription/share/ir_desription/package.bash'
[0.512s] INFO:colcon.colcon_core.shell:Creating package script '/home/michele-zarantonello/my_ws/install/ir_desription/share/ir_desription/package.zsh'
[0.513s] Level 1:colcon.colcon_core.environment:create_file_with_runtime_dependencies(/home/michele-zarantonello/my_ws/install/ir_desription/share/colcon-core/packages/ir_desription)
[0.514s] INFO:colcon.colcon_ros.task.ament_cmake.build:Building ROS package in '/home/michele-zarantonello/my_ws/src/ir_2526/ir_movit_config' with build type 'ament_cmake'
[0.514s] INFO:colcon.colcon_cmake.task.cmake.build:Building CMake package in '/home/michele-zarantonello/my_ws/src/ir_2526/ir_movit_config'
[0.515s] INFO:colcon.colcon_core.shell:Skip shell extension 'powershell' for command environment: Not usable outside of PowerShell
[0.515s] DEBUG:colcon.colcon_core.shell:Skip shell extension 'dsv' for command environment
[0.524s] Level 1:colcon.colcon_core.environment:create_environment_scripts_only(ir_base)
[0.524s] Level 1:colcon.colcon_core.environment:checking '/home/michele-zarantonello/my_ws/install/ir_base' for CMake module files
[0.525s] DEBUG:colcon.colcon_core.event_handler.log_command:Invoked command in '/home/michele-zarantonello/my_ws/build/ir_base' returned '0': CMAKE_PREFIX_PATH=${CMAKE_PREFIX_PATH}:/opt/ros/jazzy DEBUGINFOD_URLS=https://debuginfod.ubuntu.com /usr/bin/cmake --install /home/michele-zarantonello/my_ws/build/ir_base
[0.526s] Level 1:colcon.colcon_core.environment:checking '/home/michele-zarantonello/my_ws/install/ir_base' for CMake config files
[0.526s] Level 1:colcon.colcon_core.shell:create_environment_hook('ir_base', 'cmake_prefix_path')
[0.527s] INFO:colcon.colcon_core.shell:Creating environment hook '/home/michele-zarantonello/my_ws/install/ir_base/share/ir_base/hook/cmake_prefix_path.ps1'
[0.528s] INFO:colcon.colcon_core.shell:Creating environment descriptor '/home/michele-zarantonello/my_ws/install/ir_base/share/ir_base/hook/cmake_prefix_path.dsv'
[0.529s] INFO:colcon.colcon_core.shell:Creating environment hook '/home/michele-zarantonello/my_ws/install/ir_base/share/ir_base/hook/cmake_prefix_path.sh'
[0.531s] Level 1:colcon.colcon_core.environment:checking '/home/michele-zarantonello/my_ws/install/ir_base/bin'
[0.531s] Level 1:colcon.colcon_core.environment:checking '/home/michele-zarantonello/my_ws/install/ir_base/lib/pkgconfig/ir_base.pc'
[0.532s] Level 1:colcon.colcon_core.environment:checking '/home/michele-zarantonello/my_ws/install/ir_base/lib/python3.12/site-packages'
[0.532s] Level 1:colcon.colcon_core.environment:checking '/home/michele-zarantonello/my_ws/install/ir_base/bin'
[0.533s] INFO:colcon.colcon_core.shell:Creating package script '/home/michele-zarantonello/my_ws/install/ir_base/share/ir_base/package.ps1'
[0.534s] INFO:colcon.colcon_core.shell:Creating package descriptor '/home/michele-zarantonello/my_ws/install/ir_base/share/ir_base/package.dsv'
[0.537s] INFO:colcon.colcon_core.shell:Creating package script '/home/michele-zarantonello/my_ws/install/ir_base/share/ir_base/package.sh'
[0.540s] INFO:colcon.colcon_core.shell:Creating package script '/home/michele-zarantonello/my_ws/install/ir_base/share/ir_base/package.bash'
[0.541s] INFO:colcon.colcon_core.shell:Creating package script '/home/michele-zarantonello/my_ws/install/ir_base/share/ir_base/package.zsh'
[0.543s] Level 1:colcon.colcon_core.environment:create_file_with_runtime_dependencies(/home/michele-zarantonello/my_ws/install/ir_base/share/colcon-core/packages/ir_base)
[0.546s] Level 1:colcon.colcon_core.environment:create_environment_scripts_only(ir_base)
[0.547s] Level 1:colcon.colcon_core.environment:checking '/home/michele-zarantonello/my_ws/install/ir_base' for CMake module files
[0.549s] Level 1:colcon.colcon_core.environment:checking '/home/michele-zarantonello/my_ws/install/ir_base' for CMake config files
[0.550s] Level 1:colcon.colcon_core.shell:create_environment_hook('ir_base', 'cmake_prefix_path')
[0.550s] INFO:colcon.colcon_core.shell:Creating environment hook '/home/michele-zarantonello/my_ws/install/ir_base/share/ir_base/hook/cmake_prefix_path.ps1'
[0.552s] INFO:colcon.colcon_core.shell:Creating environment descriptor '/home/michele-zarantonello/my_ws/install/ir_base/share/ir_base/hook/cmake_prefix_path.dsv'
[0.553s] INFO:colcon.colcon_core.shell:Creating environment hook '/home/michele-zarantonello/my_ws/install/ir_base/share/ir_base/hook/cmake_prefix_path.sh'
[0.554s] Level 1:colcon.colcon_core.environment:checking '/home/michele-zarantonello/my_ws/install/ir_base/bin'
[0.554s] Level 1:colcon.colcon_core.environment:checking '/home/michele-zarantonello/my_ws/install/ir_base/lib/pkgconfig/ir_base.pc'
[0.555s] Level 1:colcon.colcon_core.environment:checking '/home/michele-zarantonello/my_ws/install/ir_base/lib/python3.12/site-packages'
[0.556s] Level 1:colcon.colcon_core.environment:checking '/home/michele-zarantonello/my_ws/install/ir_base/bin'
[0.557s] INFO:colcon.colcon_core.shell:Creating package script '/home/michele-zarantonello/my_ws/install/ir_base/share/ir_base/package.ps1'
[0.558s] INFO:colcon.colcon_core.shell:Creating package descriptor '/home/michele-zarantonello/my_ws/install/ir_base/share/ir_base/package.dsv'
[0.560s] INFO:colcon.colcon_core.shell:Creating package script '/home/michele-zarantonello/my_ws/install/ir_base/share/ir_base/package.sh'
[0.562s] INFO:colcon.colcon_core.shell:Creating package script '/home/michele-zarantonello/my_ws/install/ir_base/share/ir_base/package.bash'
[0.563s] INFO:colcon.colcon_core.shell:Creating package script '/home/michele-zarantonello/my_ws/install/ir_base/share/ir_base/package.zsh'
[0.564s] Level 1:colcon.colcon_core.environment:create_file_with_runtime_dependencies(/home/michele-zarantonello/my_ws/install/ir_base/share/colcon-core/packages/ir_base)
[0.567s] Level 1:colcon.colcon_core.environment:create_environment_scripts_only(ir_launch)
[0.568s] Level 1:colcon.colcon_core.environment:checking '/home/michele-zarantonello/my_ws/install/ir_launch' for CMake module files
[0.570s] DEBUG:colcon.colcon_core.event_handler.log_command:Invoked command in '/home/michele-zarantonello/my_ws/build/ir_launch' returned '0': CMAKE_PREFIX_PATH=${CMAKE_PREFIX_PATH}:/opt/ros/jazzy DEBUGINFOD_URLS=https://debuginfod.ubuntu.com /usr/bin/cmake --install /home/michele-zarantonello/my_ws/build/ir_launch
[0.570s] Level 1:colcon.colcon_core.environment:checking '/home/michele-zarantonello/my_ws/install/ir_launch' for CMake config files
[0.571s] Level 1:colcon.colcon_core.shell:create_environment_hook('ir_launch', 'cmake_prefix_path')
[0.571s] INFO:colcon.colcon_core.shell:Creating environment hook '/home/michele-zarantonello/my_ws/install/ir_launch/share/ir_launch/hook/cmake_prefix_path.ps1'
[0.572s] INFO:colcon.colcon_core.shell:Creating environment descriptor '/home/michele-zarantonello/my_ws/install/ir_launch/share/ir_launch/hook/cmake_prefix_path.dsv'
[0.573s] INFO:colcon.colcon_core.shell:Creating environment hook '/home/michele-zarantonello/my_ws/install/ir_launch/share/ir_launch/hook/cmake_prefix_path.sh'
[0.575s] Level 1:colcon.colcon_core.environment:checking '/home/michele-zarantonello/my_ws/install/ir_launch/bin'
[0.575s] Level 1:colcon.colcon_core.environment:checking '/home/michele-zarantonello/my_ws/install/ir_launch/lib/pkgconfig/ir_launch.pc'
[0.576s] Level 1:colcon.colcon_core.environment:checking '/home/michele-zarantonello/my_ws/install/ir_launch/lib/python3.12/site-packages'
[0.577s] Level 1:colcon.colcon_core.environment:checking '/home/michele-zarantonello/my_ws/install/ir_launch/bin'
[0.577s] INFO:colcon.colcon_core.shell:Creating package script '/home/michele-zarantonello/my_ws/install/ir_launch/share/ir_launch/package.ps1'
[0.579s] INFO:colcon.colcon_core.shell:Creating package descriptor '/home/michele-zarantonello/my_ws/install/ir_launch/share/ir_launch/package.dsv'
[0.579s] INFO:colcon.colcon_core.shell:Creating package script '/home/michele-zarantonello/my_ws/install/ir_launch/share/ir_launch/package.sh'
[0.580s] INFO:colcon.colcon_core.shell:Creating package script '/home/michele-zarantonello/my_ws/install/ir_launch/share/ir_launch/package.bash'
[0.581s] INFO:colcon.colcon_core.shell:Creating package script '/home/michele-zarantonello/my_ws/install/ir_launch/share/ir_launch/package.zsh'
[0.582s] Level 1:colcon.colcon_core.environment:create_file_with_runtime_dependencies(/home/michele-zarantonello/my_ws/install/ir_launch/share/colcon-core/packages/ir_launch)
[0.583s] Level 1:colcon.colcon_core.environment:create_environment_scripts_only(ir_launch)
[0.583s] Level 1:colcon.colcon_core.environment:checking '/home/michele-zarantonello/my_ws/install/ir_launch' for CMake module files
[0.584s] Level 1:colcon.colcon_core.environment:checking '/home/michele-zarantonello/my_ws/install/ir_launch' for CMake config files
[0.585s] Level 1:colcon.colcon_core.shell:create_environment_hook('ir_launch', 'cmake_prefix_path')
[0.585s] INFO:colcon.colcon_core.shell:Creating environment hook '/home/michele-zarantonello/my_ws/install/ir_launch/share/ir_launch/hook/cmake_prefix_path.ps1'
[0.586s] INFO:colcon.colcon_core.shell:Creating environment descriptor '/home/michele-zarantonello/my_ws/install/ir_launch/share/ir_launch/hook/cmake_prefix_path.dsv'
[0.587s] INFO:colcon.colcon_core.shell:Creating environment hook '/home/michele-zarantonello/my_ws/install/ir_launch/share/ir_launch/hook/cmake_prefix_path.sh'
[0.589s] Level 1:colcon.colcon_core.environment:checking '/home/michele-zarantonello/my_ws/install/ir_launch/bin'
[0.589s] Level 1:colcon.colcon_core.environment:checking '/home/michele-zarantonello/my_ws/install/ir_launch/lib/pkgconfig/ir_launch.pc'
[0.590s] Level 1:colcon.colcon_core.environment:checking '/home/michele-zarantonello/my_ws/install/ir_launch/lib/python3.12/site-packages'
[0.590s] Level 1:colcon.colcon_core.environment:checking '/home/michele-zarantonello/my_ws/install/ir_launch/bin'
[0.591s] INFO:colcon.colcon_core.shell:Creating package script '/home/michele-zarantonello/my_ws/install/ir_launch/share/ir_launch/package.ps1'
[0.592s] INFO:colcon.colcon_core.shell:Creating package descriptor '/home/michele-zarantonello/my_ws/install/ir_launch/share/ir_launch/package.dsv'
[0.593s] INFO:colcon.colcon_core.shell:Creating package script '/home/michele-zarantonello/my_ws/install/ir_launch/share/ir_launch/package.sh'
[0.594s] INFO:colcon.colcon_core.shell:Creating package script '/home/michele-zarantonello/my_ws/install/ir_launch/share/ir_launch/package.bash'
[0.595s] INFO:colcon.colcon_core.shell:Creating package script '/home/michele-zarantonello/my_ws/install/ir_launch/share/ir_launch/package.zsh'
[0.596s] Level 1:colcon.colcon_core.environment:create_file_with_runtime_dependencies(/home/michele-zarantonello/my_ws/install/ir_launch/share/colcon-core/packages/ir_launch)
[0.602s] DEBUG:colcon.colcon_core.event_handler.log_command:Invoking command in '/home/michele-zarantonello/my_ws/build/ir_movit_config': AMENT_PREFIX_PATH=/home/michele-zarantonello/my_ws/install/ir_desription:${AMENT_PREFIX_PATH} CMAKE_PREFIX_PATH=/home/michele-zarantonello/my_ws/install/ir_desription:/opt/ros/jazzy/opt/gz_sim_vendor:/opt/ros/jazzy/opt/gz_sensors_vendor:/opt/ros/jazzy/opt/gz_physics_vendor:/opt/ros/jazzy/opt/sdformat_vendor:/opt/ros/jazzy/opt/gz_gui_vendor:/opt/ros/jazzy/opt/gz_transport_vendor:/opt/ros/jazzy/opt/gz_rendering_vendor:/opt/ros/jazzy/opt/gz_plugin_vendor:/opt/ros/jazzy/opt/gz_fuel_tools_vendor:/opt/ros/jazzy/opt/gz_msgs_vendor:/opt/ros/jazzy/opt/gz_common_vendor:/opt/ros/jazzy/opt/gz_math_vendor:/opt/ros/jazzy/opt/gz_utils_vendor:/opt/ros/jazzy/opt/gz_tools_vendor:/opt/ros/jazzy/opt/gz_ogre_next_vendor:/opt/ros/jazzy/opt/gz_dartsim_vendor:/opt/ros/jazzy/opt/gz_cmake_vendor:/opt/ros/jazzy DEBUGINFOD_URLS=https://debuginfod.ubuntu.com /usr/bin/cmake --build /home/michele-zarantonello/my_ws/build/ir_movit_config -- -j8 -l8
[0.604s] DEBUG:colcon.colcon_core.event_handler.log_command:Invoked command in '/home/michele-zarantonello/my_ws/build/apriltag_ros' returned '0': CMAKE_PREFIX_PATH=${CMAKE_PREFIX_PATH}:/opt/ros/jazzy DEBUGINFOD_URLS=https://debuginfod.ubuntu.com /usr/bin/cmake --build /home/michele-zarantonello/my_ws/build/apriltag_ros -- -j8 -l8
[0.610s] DEBUG:colcon.colcon_core.event_handler.log_command:Invoking command in '/home/michele-zarantonello/my_ws/build/apriltag_ros': CMAKE_PREFIX_PATH=${CMAKE_PREFIX_PATH}:/opt/ros/jazzy DEBUGINFOD_URLS=https://debuginfod.ubuntu.com /usr/bin/cmake --install /home/michele-zarantonello/my_ws/build/apriltag_ros
[0.633s] Level 1:colcon.colcon_core.environment:create_environment_scripts_only(apriltag_ros)
[0.633s] Level 1:colcon.colcon_core.environment:checking '/home/michele-zarantonello/my_ws/install/apriltag_ros' for CMake module files
[0.634s] Level 1:colcon.colcon_core.environment:checking '/home/michele-zarantonello/my_ws/install/apriltag_ros' for CMake config files
[0.635s] Level 1:colcon.colcon_core.shell:create_environment_hook('apriltag_ros', 'cmake_prefix_path')
[0.635s] INFO:colcon.colcon_core.shell:Creating environment hook '/home/michele-zarantonello/my_ws/install/apriltag_ros/share/apriltag_ros/hook/cmake_prefix_path.ps1'
[0.637s] INFO:colcon.colcon_core.shell:Creating environment descriptor '/home/michele-zarantonello/my_ws/install/apriltag_ros/share/apriltag_ros/hook/cmake_prefix_path.dsv'
[0.637s] INFO:colcon.colcon_core.shell:Creating environment hook '/home/michele-zarantonello/my_ws/install/apriltag_ros/share/apriltag_ros/hook/cmake_prefix_path.sh'
[0.638s] Level 1:colcon.colcon_core.environment:checking '/home/michele-zarantonello/my_ws/install/apriltag_ros/lib'
[0.638s] Level 1:colcon.colcon_core.shell:create_environment_hook('apriltag_ros', 'ld_library_path_lib')
[0.641s] INFO:colcon.colcon_core.shell:Creating environment hook '/home/michele-zarantonello/my_ws/install/apriltag_ros/share/apriltag_ros/hook/ld_library_path_lib.ps1'
[0.642s] DEBUG:colcon.colcon_core.event_handler.log_command:Invoked command in '/home/michele-zarantonello/my_ws/build/apriltag_ros' returned '0': CMAKE_PREFIX_PATH=${CMAKE_PREFIX_PATH}:/opt/ros/jazzy DEBUGINFOD_URLS=https://debuginfod.ubuntu.com /usr/bin/cmake --install /home/michele-zarantonello/my_ws/build/apriltag_ros
[0.644s] INFO:colcon.colcon_core.shell:Creating environment descriptor '/home/michele-zarantonello/my_ws/install/apriltag_ros/share/apriltag_ros/hook/ld_library_path_lib.dsv'
[0.645s] INFO:colcon.colcon_core.shell:Creating environment hook '/home/michele-zarantonello/my_ws/install/apriltag_ros/share/apriltag_ros/hook/ld_library_path_lib.sh'
[0.646s] Level 1:colcon.colcon_core.environment:checking '/home/michele-zarantonello/my_ws/install/apriltag_ros/bin'
[0.646s] Level 1:colcon.colcon_core.environment:checking '/home/michele-zarantonello/my_ws/install/apriltag_ros/lib/pkgconfig/apriltag_ros.pc'
[0.647s] Level 1:colcon.colcon_core.environment:checking '/home/michele-zarantonello/my_ws/install/apriltag_ros/lib/python3.12/site-packages'
[0.647s] Level 1:colcon.colcon_core.environment:checking '/home/michele-zarantonello/my_ws/install/apriltag_ros/bin'
[0.648s] INFO:colcon.colcon_core.shell:Creating package script '/home/michele-zarantonello/my_ws/install/apriltag_ros/share/apriltag_ros/package.ps1'
[0.649s] INFO:colcon.colcon_core.shell:Creating package descriptor '/home/michele-zarantonello/my_ws/install/apriltag_ros/share/apriltag_ros/package.dsv'
[0.650s] INFO:colcon.colcon_core.shell:Creating package script '/home/michele-zarantonello/my_ws/install/apriltag_ros/share/apriltag_ros/package.sh'
[0.651s] INFO:colcon.colcon_core.shell:Creating package script '/home/michele-zarantonello/my_ws/install/apriltag_ros/share/apriltag_ros/package.bash'
[0.652s] INFO:colcon.colcon_core.shell:Creating package script '/home/michele-zarantonello/my_ws/install/apriltag_ros/share/apriltag_ros/package.zsh'
[0.654s] Level 1:colcon.colcon_core.environment:create_file_with_runtime_dependencies(/home/michele-zarantonello/my_ws/install/apriltag_ros/share/colcon-core/packages/apriltag_ros)
[0.655s] Level 1:colcon.colcon_core.environment:create_environment_scripts_only(apriltag_ros)
[0.655s] Level 1:colcon.colcon_core.environment:checking '/home/michele-zarantonello/my_ws/install/apriltag_ros' for CMake module files
[0.656s] Level 1:colcon.colcon_core.environment:checking '/home/michele-zarantonello/my_ws/install/apriltag_ros' for CMake config files
[0.657s] Level 1:colcon.colcon_core.shell:create_environment_hook('apriltag_ros', 'cmake_prefix_path')
[0.658s] INFO:colcon.colcon_core.shell:Creating environment hook '/home/michele-zarantonello/my_ws/install/apriltag_ros/share/apriltag_ros/hook/cmake_prefix_path.ps1'
[0.659s] INFO:colcon.colcon_core.shell:Creating environment descriptor '/home/michele-zarantonello/my_ws/install/apriltag_ros/share/apriltag_ros/hook/cmake_prefix_path.dsv'
[0.660s] INFO:colcon.colcon_core.shell:Creating environment hook '/home/michele-zarantonello/my_ws/install/apriltag_ros/share/apriltag_ros/hook/cmake_prefix_path.sh'
[0.661s] Level 1:colcon.colcon_core.environment:checking '/home/michele-zarantonello/my_ws/install/apriltag_ros/lib'
[0.661s] Level 1:colcon.colcon_core.shell:create_environment_hook('apriltag_ros', 'ld_library_path_lib')
[0.662s] INFO:colcon.colcon_core.shell:Creating environment hook '/home/michele-zarantonello/my_ws/install/apriltag_ros/share/apriltag_ros/hook/ld_library_path_lib.ps1'
[0.662s] INFO:colcon.colcon_core.shell:Creating environment descriptor '/home/michele-zarantonello/my_ws/install/apriltag_ros/share/apriltag_ros/hook/ld_library_path_lib.dsv'
[0.663s] INFO:colcon.colcon_core.shell:Creating environment hook '/home/michele-zarantonello/my_ws/install/apriltag_ros/share/apriltag_ros/hook/ld_library_path_lib.sh'
[0.664s] Level 1:colcon.colcon_core.environment:checking '/home/michele-zarantonello/my_ws/install/apriltag_ros/bin'
[0.664s] Level 1:colcon.colcon_core.environment:checking '/home/michele-zarantonello/my_ws/install/apriltag_ros/lib/pkgconfig/apriltag_ros.pc'
[0.664s] Level 1:colcon.colcon_core.environment:checking '/home/michele-zarantonello/my_ws/install/apriltag_ros/lib/python3.12/site-packages'
[0.665s] Level 1:colcon.colcon_core.environment:checking '/home/michele-zarantonello/my_ws/install/apriltag_ros/bin'
[0.665s] INFO:colcon.colcon_core.shell:Creating package script '/home/michele-zarantonello/my_ws/install/apriltag_ros/share/apriltag_ros/package.ps1'
[0.666s] INFO:colcon.colcon_core.shell:Creating package descriptor '/home/michele-zarantonello/my_ws/install/apriltag_ros/share/apriltag_ros/package.dsv'
[0.667s] INFO:colcon.colcon_core.shell:Creating package script '/home/michele-zarantonello/my_ws/install/apriltag_ros/share/apriltag_ros/package.sh'
[0.668s] INFO:colcon.colcon_core.shell:Creating package script '/home/michele-zarantonello/my_ws/install/apriltag_ros/share/apriltag_ros/package.bash'
[0.669s] INFO:colcon.colcon_core.shell:Creating package script '/home/michele-zarantonello/my_ws/install/apriltag_ros/share/apriltag_ros/package.zsh'
[0.670s] Level 1:colcon.colcon_core.environment:create_file_with_runtime_dependencies(/home/michele-zarantonello/my_ws/install/apriltag_ros/share/colcon-core/packages/apriltag_ros)
[0.764s] DEBUG:colcon.colcon_core.event_handler.log_command:Invoked command in '/home/michele-zarantonello/my_ws/build/ir_movit_config' returned '0': AMENT_PREFIX_PATH=/home/michele-zarantonello/my_ws/install/ir_desription:${AMENT_PREFIX_PATH} CMAKE_PREFIX_PATH=/home/michele-zarantonello/my_ws/install/ir_desription:/opt/ros/jazzy/opt/gz_sim_vendor:/opt/ros/jazzy/opt/gz_sensors_vendor:/opt/ros/jazzy/opt/gz_physics_vendor:/opt/ros/jazzy/opt/sdformat_vendor:/opt/ros/jazzy/opt/gz_gui_vendor:/opt/ros/jazzy/opt/gz_transport_vendor:/opt/ros/jazzy/opt/gz_rendering_vendor:/opt/ros/jazzy/opt/gz_plugin_vendor:/opt/ros/jazzy/opt/gz_fuel_tools_vendor:/opt/ros/jazzy/opt/gz_msgs_vendor:/opt/ros/jazzy/opt/gz_common_vendor:/opt/ros/jazzy/opt/gz_math_vendor:/opt/ros/jazzy/opt/gz_utils_vendor:/opt/ros/jazzy/opt/gz_tools_vendor:/opt/ros/jazzy/opt/gz_ogre_next_vendor:/opt/ros/jazzy/opt/gz_dartsim_vendor:/opt/ros/jazzy/opt/gz_cmake_vendor:/opt/ros/jazzy DEBUGINFOD_URLS=https://debuginfod.ubuntu.com /usr/bin/cmake --build /home/michele-zarantonello/my_ws/build/ir_movit_config -- -j8 -l8
[0.766s] DEBUG:colcon.colcon_core.event_handler.log_command:Invoking command in '/home/michele-zarantonello/my_ws/build/ir_movit_config': AMENT_PREFIX_PATH=/home/michele-zarantonello/my_ws/install/ir_desription:${AMENT_PREFIX_PATH} CMAKE_PREFIX_PATH=/home/michele-zarantonello/my_ws/install/ir_desription:/opt/ros/jazzy/opt/gz_sim_vendor:/opt/ros/jazzy/opt/gz_sensors_vendor:/opt/ros/jazzy/opt/gz_physics_vendor:/opt/ros/jazzy/opt/sdformat_vendor:/opt/ros/jazzy/opt/gz_gui_vendor:/opt/ros/jazzy/opt/gz_transport_vendor:/opt/ros/jazzy/opt/gz_rendering_vendor:/opt/ros/jazzy/opt/gz_plugin_vendor:/opt/ros/jazzy/opt/gz_fuel_tools_vendor:/opt/ros/jazzy/opt/gz_msgs_vendor:/opt/ros/jazzy/opt/gz_common_vendor:/opt/ros/jazzy/opt/gz_math_vendor:/opt/ros/jazzy/opt/gz_utils_vendor:/opt/ros/jazzy/opt/gz_tools_vendor:/opt/ros/jazzy/opt/gz_ogre_next_vendor:/opt/ros/jazzy/opt/gz_dartsim_vendor:/opt/ros/jazzy/opt/gz_cmake_vendor:/opt/ros/jazzy DEBUGINFOD_URLS=https://debuginfod.ubuntu.com /usr/bin/cmake --install /home/michele-zarantonello/my_ws/build/ir_movit_config
[0.789s] Level 1:colcon.colcon_core.environment:create_environment_scripts_only(ir_movit_config)
[0.790s] Level 1:colcon.colcon_core.environment:checking '/home/michele-zarantonello/my_ws/install/ir_movit_config' for CMake module files
[0.791s] Level 1:colcon.colcon_core.environment:checking '/home/michele-zarantonello/my_ws/install/ir_movit_config' for CMake config files
[0.798s] DEBUG:colcon.colcon_core.event_handler.log_command:Invoked command in '/home/michele-zarantonello/my_ws/build/ir_movit_config' returned '0': AMENT_PREFIX_PATH=/home/michele-zarantonello/my_ws/install/ir_desription:${AMENT_PREFIX_PATH} CMAKE_PREFIX_PATH=/home/michele-zarantonello/my_ws/install/ir_desription:/opt/ros/jazzy/opt/gz_sim_vendor:/opt/ros/jazzy/opt/gz_sensors_vendor:/opt/ros/jazzy/opt/gz_physics_vendor:/opt/ros/jazzy/opt/sdformat_vendor:/opt/ros/jazzy/opt/gz_gui_vendor:/opt/ros/jazzy/opt/gz_transport_vendor:/opt/ros/jazzy/opt/gz_rendering_vendor:/opt/ros/jazzy/opt/gz_plugin_vendor:/opt/ros/jazzy/opt/gz_fuel_tools_vendor:/opt/ros/jazzy/opt/gz_msgs_vendor:/opt/ros/jazzy/opt/gz_common_vendor:/opt/ros/jazzy/opt/gz_math_vendor:/opt/ros/jazzy/opt/gz_utils_vendor:/opt/ros/jazzy/opt/gz_tools_vendor:/opt/ros/jazzy/opt/gz_ogre_next_vendor:/opt/ros/jazzy/opt/gz_dartsim_vendor:/opt/ros/jazzy/opt/gz_cmake_vendor:/opt/ros/jazzy DEBUGINFOD_URLS=https://debuginfod.ubuntu.com /usr/bin/cmake --install /home/michele-zarantonello/my_ws/build/ir_movit_config
[0.798s] Level 1:colcon.colcon_core.shell:create_environment_hook('ir_movit_config', 'cmake_prefix_path')
[0.799s] INFO:colcon.colcon_core.shell:Creating environment hook '/home/michele-zarantonello/my_ws/install/ir_movit_config/share/ir_movit_config/hook/cmake_prefix_path.ps1'
[0.800s] INFO:colcon.colcon_core.shell:Creating environment descriptor '/home/michele-zarantonello/my_ws/install/ir_movit_config/share/ir_movit_config/hook/cmake_prefix_path.dsv'
[0.801s] INFO:colcon.colcon_core.shell:Creating environment hook '/home/michele-zarantonello/my_ws/install/ir_movit_config/share/ir_movit_config/hook/cmake_prefix_path.sh'
[0.803s] Level 1:colcon.colcon_core.environment:checking '/home/michele-zarantonello/my_ws/install/ir_movit_config/lib'
[0.803s] Level 1:colcon.colcon_core.environment:checking '/home/michele-zarantonello/my_ws/install/ir_movit_config/bin'
[0.803s] Level 1:colcon.colcon_core.environment:checking '/home/michele-zarantonello/my_ws/install/ir_movit_config/lib/pkgconfig/ir_movit_config.pc'
[0.804s] Level 1:colcon.colcon_core.environment:checking '/home/michele-zarantonello/my_ws/install/ir_movit_config/lib/python3.12/site-packages'
[0.805s] Level 1:colcon.colcon_core.environment:checking '/home/michele-zarantonello/my_ws/install/ir_movit_config/bin'
[0.805s] INFO:colcon.colcon_core.shell:Creating package script '/home/michele-zarantonello/my_ws/install/ir_movit_config/share/ir_movit_config/package.ps1'
[0.807s] INFO:colcon.colcon_core.shell:Creating package descriptor '/home/michele-zarantonello/my_ws/install/ir_movit_config/share/ir_movit_config/package.dsv'
[0.807s] INFO:colcon.colcon_core.shell:Creating package script '/home/michele-zarantonello/my_ws/install/ir_movit_config/share/ir_movit_config/package.sh'
[0.809s] INFO:colcon.colcon_core.shell:Creating package script '/home/michele-zarantonello/my_ws/install/ir_movit_config/share/ir_movit_config/package.bash'
[0.810s] INFO:colcon.colcon_core.shell:Creating package script '/home/michele-zarantonello/my_ws/install/ir_movit_config/share/ir_movit_config/package.zsh'
[0.810s] Level 1:colcon.colcon_core.environment:create_file_with_runtime_dependencies(/home/michele-zarantonello/my_ws/install/ir_movit_config/share/colcon-core/packages/ir_movit_config)
[0.811s] Level 1:colcon.colcon_core.environment:create_environment_scripts_only(ir_movit_config)
[0.812s] Level 1:colcon.colcon_core.environment:checking '/home/michele-zarantonello/my_ws/install/ir_movit_config' for CMake module files
[0.812s] Level 1:colcon.colcon_core.environment:checking '/home/michele-zarantonello/my_ws/install/ir_movit_config' for CMake config files
[0.813s] Level 1:colcon.colcon_core.shell:create_environment_hook('ir_movit_config', 'cmake_prefix_path')
[0.813s] INFO:colcon.colcon_core.shell:Creating environment hook '/home/michele-zarantonello/my_ws/install/ir_movit_config/share/ir_movit_config/hook/cmake_prefix_path.ps1'
[0.814s] INFO:colcon.colcon_core.shell:Creating environment descriptor '/home/michele-zarantonello/my_ws/install/ir_movit_config/share/ir_movit_config/hook/cmake_prefix_path.dsv'
[0.814s] INFO:colcon.colcon_core.shell:Creating environment hook '/home/michele-zarantonello/my_ws/install/ir_movit_config/share/ir_movit_config/hook/cmake_prefix_path.sh'
[0.815s] Level 1:colcon.colcon_core.environment:checking '/home/michele-zarantonello/my_ws/install/ir_movit_config/lib'
[0.815s] Level 1:colcon.colcon_core.environment:checking '/home/michele-zarantonello/my_ws/install/ir_movit_config/bin'
[0.815s] Level 1:colcon.colcon_core.environment:checking '/home/michele-zarantonello/my_ws/install/ir_movit_config/lib/pkgconfig/ir_movit_config.pc'
[0.816s] Level 1:colcon.colcon_core.environment:checking '/home/michele-zarantonello/my_ws/install/ir_movit_config/lib/python3.12/site-packages'
[0.816s] Level 1:colcon.colcon_core.environment:checking '/home/michele-zarantonello/my_ws/install/ir_movit_config/bin'
[0.816s] INFO:colcon.colcon_core.shell:Creating package script '/home/michele-zarantonello/my_ws/install/ir_movit_config/share/ir_movit_config/package.ps1'
[0.819s] INFO:colcon.colcon_core.shell:Creating package descriptor '/home/michele-zarantonello/my_ws/install/ir_movit_config/share/ir_movit_config/package.dsv'
[0.822s] INFO:colcon.colcon_core.shell:Creating package script '/home/michele-zarantonello/my_ws/install/ir_movit_config/share/ir_movit_config/package.sh'
[0.824s] INFO:colcon.colcon_core.shell:Creating package script '/home/michele-zarantonello/my_ws/install/ir_movit_config/share/ir_movit_config/package.bash'
[0.825s] INFO:colcon.colcon_core.shell:Creating package script '/home/michele-zarantonello/my_ws/install/ir_movit_config/share/ir_movit_config/package.zsh'
[0.826s] Level 1:colcon.colcon_core.environment:create_file_with_runtime_dependencies(/home/michele-zarantonello/my_ws/install/ir_movit_config/share/colcon-core/packages/ir_movit_config)
[1.903s] DEBUG:colcon.colcon_core.event_handler.log_command:Invoked command in '/home/michele-zarantonello/my_ws/build/group_32_launch' returned '0': CMAKE_PREFIX_PATH=${CMAKE_PREFIX_PATH}:/opt/ros/jazzy DEBUGINFOD_URLS=https://debuginfod.ubuntu.com /usr/bin/cmake /home/michele-zarantonello/my_ws/src/ws_group_32_assignments/group_32_launch -DCMAKE_INSTALL_PREFIX=/home/michele-zarantonello/my_ws/install/group_32_launch
[1.904s] DEBUG:colcon.colcon_core.event_handler.log_command:Invoking command in '/home/michele-zarantonello/my_ws/build/group_32_launch': CMAKE_PREFIX_PATH=${CMAKE_PREFIX_PATH}:/opt/ros/jazzy DEBUGINFOD_URLS=https://debuginfod.ubuntu.com /usr/bin/cmake --build /home/michele-zarantonello/my_ws/build/group_32_launch -- -j8 -l8
[1.958s] DEBUG:colcon.colcon_core.event_handler.log_command:Invoked command in '/home/michele-zarantonello/my_ws/build/group_32_launch' returned '0': CMAKE_PREFIX_PATH=${CMAKE_PREFIX_PATH}:/opt/ros/jazzy DEBUGINFOD_URLS=https://debuginfod.ubuntu.com /usr/bin/cmake --build /home/michele-zarantonello/my_ws/build/group_32_launch -- -j8 -l8
[1.959s] DEBUG:colcon.colcon_core.event_handler.log_command:Invoking command in '/home/michele-zarantonello/my_ws/build/group_32_launch': CMAKE_PREFIX_PATH=${CMAKE_PREFIX_PATH}:/opt/ros/jazzy DEBUGINFOD_URLS=https://debuginfod.ubuntu.com /usr/bin/cmake --install /home/michele-zarantonello/my_ws/build/group_32_launch
[1.971s] Level 1:colcon.colcon_core.environment:create_environment_scripts_only(group_32_launch)
[1.972s] Level 1:colcon.colcon_core.environment:checking '/home/michele-zarantonello/my_ws/install/group_32_launch' for CMake module files
[1.972s] DEBUG:colcon.colcon_core.event_handler.log_command:Invoked command in '/home/michele-zarantonello/my_ws/build/group_32_launch' returned '0': CMAKE_PREFIX_PATH=${CMAKE_PREFIX_PATH}:/opt/ros/jazzy DEBUGINFOD_URLS=https://debuginfod.ubuntu.com /usr/bin/cmake --install /home/michele-zarantonello/my_ws/build/group_32_launch
[1.973s] Level 1:colcon.colcon_core.environment:checking '/home/michele-zarantonello/my_ws/install/group_32_launch' for CMake config files
[1.973s] Level 1:colcon.colcon_core.shell:create_environment_hook('group_32_launch', 'cmake_prefix_path')
[1.973s] INFO:colcon.colcon_core.shell:Creating environment hook '/home/michele-zarantonello/my_ws/install/group_32_launch/share/group_32_launch/hook/cmake_prefix_path.ps1'
[1.974s] INFO:colcon.colcon_core.shell:Creating environment descriptor '/home/michele-zarantonello/my_ws/install/group_32_launch/share/group_32_launch/hook/cmake_prefix_path.dsv'
[1.975s] INFO:colcon.colcon_core.shell:Creating environment hook '/home/michele-zarantonello/my_ws/install/group_32_launch/share/group_32_launch/hook/cmake_prefix_path.sh'
[1.975s] Level 1:colcon.colcon_core.environment:checking '/home/michele-zarantonello/my_ws/install/group_32_launch/bin'
[1.976s] Level 1:colcon.colcon_core.environment:checking '/home/michele-zarantonello/my_ws/install/group_32_launch/lib/pkgconfig/group_32_launch.pc'
[1.976s] Level 1:colcon.colcon_core.environment:checking '/home/michele-zarantonello/my_ws/install/group_32_launch/lib/python3.12/site-packages'
[1.976s] Level 1:colcon.colcon_core.environment:checking '/home/michele-zarantonello/my_ws/install/group_32_launch/bin'
[1.976s] INFO:colcon.colcon_core.shell:Creating package script '/home/michele-zarantonello/my_ws/install/group_32_launch/share/group_32_launch/package.ps1'
[1.977s] INFO:colcon.colcon_core.shell:Creating package descriptor '/home/michele-zarantonello/my_ws/install/group_32_launch/share/group_32_launch/package.dsv'
[1.977s] INFO:colcon.colcon_core.shell:Creating package script '/home/michele-zarantonello/my_ws/install/group_32_launch/share/group_32_launch/package.sh'
[1.978s] INFO:colcon.colcon_core.shell:Creating package script '/home/michele-zarantonello/my_ws/install/group_32_launch/share/group_32_launch/package.bash'
[1.979s] INFO:colcon.colcon_core.shell:Creating package script '/home/michele-zarantonello/my_ws/install/group_32_launch/share/group_32_launch/package.zsh'
[1.979s] Level 1:colcon.colcon_core.environment:create_file_with_runtime_dependencies(/home/michele-zarantonello/my_ws/install/group_32_launch/share/colcon-core/packages/group_32_launch)
[1.980s] Level 1:colcon.colcon_core.environment:create_environment_scripts_only(group_32_launch)
[1.980s] Level 1:colcon.colcon_core.environment:checking '/home/michele-zarantonello/my_ws/install/group_32_launch' for CMake module files
[1.981s] Level 1:colcon.colcon_core.environment:checking '/home/michele-zarantonello/my_ws/install/group_32_launch' for CMake config files
[1.981s] Level 1:colcon.colcon_core.shell:create_environment_hook('group_32_launch', 'cmake_prefix_path')
[1.981s] INFO:colcon.colcon_core.shell:Creating environment hook '/home/michele-zarantonello/my_ws/install/group_32_launch/share/group_32_launch/hook/cmake_prefix_path.ps1'
[1.982s] INFO:colcon.colcon_core.shell:Creating environment descriptor '/home/michele-zarantonello/my_ws/install/group_32_launch/share/group_32_launch/hook/cmake_prefix_path.dsv'
[1.983s] INFO:colcon.colcon_core.shell:Creating environment hook '/home/michele-zarantonello/my_ws/install/group_32_launch/share/group_32_launch/hook/cmake_prefix_path.sh'
[1.983s] Level 1:colcon.colcon_core.environment:checking '/home/michele-zarantonello/my_ws/install/group_32_launch/bin'
[1.983s] Level 1:colcon.colcon_core.environment:checking '/home/michele-zarantonello/my_ws/install/group_32_launch/lib/pkgconfig/group_32_launch.pc'
[1.984s] Level 1:colcon.colcon_core.environment:checking '/home/michele-zarantonello/my_ws/install/group_32_launch/lib/python3.12/site-packages'
[1.984s] Level 1:colcon.colcon_core.environment:checking '/home/michele-zarantonello/my_ws/install/group_32_launch/bin'
[1.984s] INFO:colcon.colcon_core.shell:Creating package script '/home/michele-zarantonello/my_ws/install/group_32_launch/share/group_32_launch/package.ps1'
[1.985s] INFO:colcon.colcon_core.shell:Creating package descriptor '/home/michele-zarantonello/my_ws/install/group_32_launch/share/group_32_launch/package.dsv'
[1.986s] INFO:colcon.colcon_core.shell:Creating package script '/home/michele-zarantonello/my_ws/install/group_32_launch/share/group_32_launch/package.sh'
[1.986s] INFO:colcon.colcon_core.shell:Creating package script '/home/michele-zarantonello/my_ws/install/group_32_launch/share/group_32_launch/package.bash'
[1.987s] INFO:colcon.colcon_core.shell:Creating package script '/home/michele-zarantonello/my_ws/install/group_32_launch/share/group_32_launch/package.zsh'
[1.987s] Level 1:colcon.colcon_core.environment:create_file_with_runtime_dependencies(/home/michele-zarantonello/my_ws/install/group_32_launch/share/colcon-core/packages/group_32_launch)
[2.996s] DEBUG:colcon.colcon_core.event_handler.log_command:Invoked command in '/home/michele-zarantonello/my_ws/build/group_32_navigation' returned '0': CMAKE_PREFIX_PATH=${CMAKE_PREFIX_PATH}:/opt/ros/jazzy DEBUGINFOD_URLS=https://debuginfod.ubuntu.com /usr/bin/cmake /home/michele-zarantonello/my_ws/src/ws_group_32_assignments/group_32_navigation -DCMAKE_INSTALL_PREFIX=/home/michele-zarantonello/my_ws/install/group_32_navigation
[2.997s] DEBUG:colcon.colcon_core.event_handler.log_command:Invoking command in '/home/michele-zarantonello/my_ws/build/group_32_navigation': CMAKE_PREFIX_PATH=${CMAKE_PREFIX_PATH}:/opt/ros/jazzy DEBUGINFOD_URLS=https://debuginfod.ubuntu.com /usr/bin/cmake --build /home/michele-zarantonello/my_ws/build/group_32_navigation -- -j8 -l8
[3.006s] DEBUG:colcon.colcon_core.event_handler.log_command:Invoked command in '/home/michele-zarantonello/my_ws/build/group_32_apriltag' returned '0': CMAKE_PREFIX_PATH=${CMAKE_PREFIX_PATH}:/opt/ros/jazzy DEBUGINFOD_URLS=https://debuginfod.ubuntu.com /usr/bin/cmake /home/michele-zarantonello/my_ws/src/ws_group_32_assignments/group_32_apriltag -DCMAKE_INSTALL_PREFIX=/home/michele-zarantonello/my_ws/install/group_32_apriltag
[3.006s] DEBUG:colcon.colcon_core.event_handler.log_command:Invoking command in '/home/michele-zarantonello/my_ws/build/group_32_apriltag': CMAKE_PREFIX_PATH=${CMAKE_PREFIX_PATH}:/opt/ros/jazzy DEBUGINFOD_URLS=https://debuginfod.ubuntu.com /usr/bin/cmake --build /home/michele-zarantonello/my_ws/build/group_32_apriltag -- -j8 -l8
[20.144s] DEBUG:colcon.colcon_core.event_handler.log_command:Invoked command in '/home/michele-zarantonello/my_ws/build/group_32_navigation' returned '0': CMAKE_PREFIX_PATH=${CMAKE_PREFIX_PATH}:/opt/ros/jazzy DEBUGINFOD_URLS=https://debuginfod.ubuntu.com /usr/bin/cmake --build /home/michele-zarantonello/my_ws/build/group_32_navigation -- -j8 -l8
[20.145s] DEBUG:colcon.colcon_core.event_handler.log_command:Invoking command in '/home/michele-zarantonello/my_ws/build/group_32_navigation': CMAKE_PREFIX_PATH=${CMAKE_PREFIX_PATH}:/opt/ros/jazzy DEBUGINFOD_URLS=https://debuginfod.ubuntu.com /usr/bin/cmake --install /home/michele-zarantonello/my_ws/build/group_32_navigation
[20.172s] Level 1:colcon.colcon_core.environment:create_environment_scripts_only(group_32_navigation)
[20.172s] Level 1:colcon.colcon_core.environment:checking '/home/michele-zarantonello/my_ws/install/group_32_navigation' for CMake module files
[20.173s] DEBUG:colcon.colcon_core.event_handler.log_command:Invoked command in '/home/michele-zarantonello/my_ws/build/group_32_navigation' returned '0': CMAKE_PREFIX_PATH=${CMAKE_PREFIX_PATH}:/opt/ros/jazzy DEBUGINFOD_URLS=https://debuginfod.ubuntu.com /usr/bin/cmake --install /home/michele-zarantonello/my_ws/build/group_32_navigation
[20.174s] Level 1:colcon.colcon_core.environment:checking '/home/michele-zarantonello/my_ws/install/group_32_navigation' for CMake config files
[20.174s] Level 1:colcon.colcon_core.shell:create_environment_hook('group_32_navigation', 'cmake_prefix_path')
[20.174s] INFO:colcon.colcon_core.shell:Creating environment hook '/home/michele-zarantonello/my_ws/install/group_32_navigation/share/group_32_navigation/hook/cmake_prefix_path.ps1'
[20.175s] INFO:colcon.colcon_core.shell:Creating environment descriptor '/home/michele-zarantonello/my_ws/install/group_32_navigation/share/group_32_navigation/hook/cmake_prefix_path.dsv'
[20.176s] INFO:colcon.colcon_core.shell:Creating environment hook '/home/michele-zarantonello/my_ws/install/group_32_navigation/share/group_32_navigation/hook/cmake_prefix_path.sh'
[20.177s] Level 1:colcon.colcon_core.environment:checking '/home/michele-zarantonello/my_ws/install/group_32_navigation/lib'
[20.177s] Level 1:colcon.colcon_core.environment:checking '/home/michele-zarantonello/my_ws/install/group_32_navigation/bin'
[20.177s] Level 1:colcon.colcon_core.environment:checking '/home/michele-zarantonello/my_ws/install/group_32_navigation/lib/pkgconfig/group_32_navigation.pc'
[20.177s] Level 1:colcon.colcon_core.environment:checking '/home/michele-zarantonello/my_ws/install/group_32_navigation/lib/python3.12/site-packages'
[20.177s] Level 1:colcon.colcon_core.environment:checking '/home/michele-zarantonello/my_ws/install/group_32_navigation/bin'
[20.178s] INFO:colcon.colcon_core.shell:Creating package script '/home/michele-zarantonello/my_ws/install/group_32_navigation/share/group_32_navigation/package.ps1'
[20.178s] INFO:colcon.colcon_core.shell:Creating package descriptor '/home/michele-zarantonello/my_ws/install/group_32_navigation/share/group_32_navigation/package.dsv'
[20.179s] INFO:colcon.colcon_core.shell:Creating package script '/home/michele-zarantonello/my_ws/install/group_32_navigation/share/group_32_navigation/package.sh'
[20.179s] INFO:colcon.colcon_core.shell:Creating package script '/home/michele-zarantonello/my_ws/install/group_32_navigation/share/group_32_navigation/package.bash'
[20.180s] INFO:colcon.colcon_core.shell:Creating package script '/home/michele-zarantonello/my_ws/install/group_32_navigation/share/group_32_navigation/package.zsh'
[20.180s] Level 1:colcon.colcon_core.environment:create_file_with_runtime_dependencies(/home/michele-zarantonello/my_ws/install/group_32_navigation/share/colcon-core/packages/group_32_navigation)
[20.180s] Level 1:colcon.colcon_core.environment:create_environment_scripts_only(group_32_navigation)
[20.181s] Level 1:colcon.colcon_core.environment:checking '/home/michele-zarantonello/my_ws/install/group_32_navigation' for CMake module files
[20.181s] Level 1:colcon.colcon_core.environment:checking '/home/michele-zarantonello/my_ws/install/group_32_navigation' for CMake config files
[20.181s] Level 1:colcon.colcon_core.shell:create_environment_hook('group_32_navigation', 'cmake_prefix_path')
[20.181s] INFO:colcon.colcon_core.shell:Creating environment hook '/home/michele-zarantonello/my_ws/install/group_32_navigation/share/group_32_navigation/hook/cmake_prefix_path.ps1'
[20.182s] INFO:colcon.colcon_core.shell:Creating environment descriptor '/home/michele-zarantonello/my_ws/install/group_32_navigation/share/group_32_navigation/hook/cmake_prefix_path.dsv'
[20.182s] INFO:colcon.colcon_core.shell:Creating environment hook '/home/michele-zarantonello/my_ws/install/group_32_navigation/share/group_32_navigation/hook/cmake_prefix_path.sh'
[20.183s] Level 1:colcon.colcon_core.environment:checking '/home/michele-zarantonello/my_ws/install/group_32_navigation/lib'
[20.183s] Level 1:colcon.colcon_core.environment:checking '/home/michele-zarantonello/my_ws/install/group_32_navigation/bin'
[20.183s] Level 1:colcon.colcon_core.environment:checking '/home/michele-zarantonello/my_ws/install/group_32_navigation/lib/pkgconfig/group_32_navigation.pc'
[20.183s] Level 1:colcon.colcon_core.environment:checking '/home/michele-zarantonello/my_ws/install/group_32_navigation/lib/python3.12/site-packages'
[20.183s] Level 1:colcon.colcon_core.environment:checking '/home/michele-zarantonello/my_ws/install/group_32_navigation/bin'
[20.184s] INFO:colcon.colcon_core.shell:Creating package script '/home/michele-zarantonello/my_ws/install/group_32_navigation/share/group_32_navigation/package.ps1'
[20.184s] INFO:colcon.colcon_core.shell:Creating package descriptor '/home/michele-zarantonello/my_ws/install/group_32_navigation/share/group_32_navigation/package.dsv'
[20.184s] INFO:colcon.colcon_core.shell:Creating package script '/home/michele-zarantonello/my_ws/install/group_32_navigation/share/group_32_navigation/package.sh'
[20.185s] INFO:colcon.colcon_core.shell:Creating package script '/home/michele-zarantonello/my_ws/install/group_32_navigation/share/group_32_navigation/package.bash'
[20.185s] INFO:colcon.colcon_core.shell:Creating package script '/home/michele-zarantonello/my_ws/install/group_32_navigation/share/group_32_navigation/package.zsh'
[20.186s] Level 1:colcon.colcon_core.environment:create_file_with_runtime_dependencies(/home/michele-zarantonello/my_ws/install/group_32_navigation/share/colcon-core/packages/group_32_navigation)
[23.224s] DEBUG:colcon.colcon_core.event_handler.log_command:Invoked command in '/home/michele-zarantonello/my_ws/build/group_32_apriltag' returned '0': CMAKE_PREFIX_PATH=${CMAKE_PREFIX_PATH}:/opt/ros/jazzy DEBUGINFOD_URLS=https://debuginfod.ubuntu.com /usr/bin/cmake --build /home/michele-zarantonello/my_ws/build/group_32_apriltag -- -j8 -l8
[23.225s] DEBUG:colcon.colcon_core.event_handler.log_command:Invoking command in '/home/michele-zarantonello/my_ws/build/group_32_apriltag': CMAKE_PREFIX_PATH=${CMAKE_PREFIX_PATH}:/opt/ros/jazzy DEBUGINFOD_URLS=https://debuginfod.ubuntu.com /usr/bin/cmake --install /home/michele-zarantonello/my_ws/build/group_32_apriltag
[23.240s] Level 1:colcon.colcon_core.environment:create_environment_scripts_only(group_32_apriltag)
[23.240s] Level 1:colcon.colcon_core.environment:checking '/home/michele-zarantonello/my_ws/install/group_32_apriltag' for CMake module files
[23.241s] DEBUG:colcon.colcon_core.event_handler.log_command:Invoked command in '/home/michele-zarantonello/my_ws/build/group_32_apriltag' returned '0': CMAKE_PREFIX_PATH=${CMAKE_PREFIX_PATH}:/opt/ros/jazzy DEBUGINFOD_URLS=https://debuginfod.ubuntu.com /usr/bin/cmake --install /home/michele-zarantonello/my_ws/build/group_32_apriltag
[23.241s] Level 1:colcon.colcon_core.environment:checking '/home/michele-zarantonello/my_ws/install/group_32_apriltag' for CMake config files
[23.241s] Level 1:colcon.colcon_core.shell:create_environment_hook('group_32_apriltag', 'cmake_prefix_path')
[23.242s] INFO:colcon.colcon_core.shell:Creating environment hook '/home/michele-zarantonello/my_ws/install/group_32_apriltag/share/group_32_apriltag/hook/cmake_prefix_path.ps1'
[23.242s] INFO:colcon.colcon_core.shell:Creating environment descriptor '/home/michele-zarantonello/my_ws/install/group_32_apriltag/share/group_32_apriltag/hook/cmake_prefix_path.dsv'
[23.242s] INFO:colcon.colcon_core.shell:Creating environment hook '/home/michele-zarantonello/my_ws/install/group_32_apriltag/share/group_32_apriltag/hook/cmake_prefix_path.sh'
[23.243s] Level 1:colcon.colcon_core.environment:checking '/home/michele-zarantonello/my_ws/install/group_32_apriltag/lib'
[23.243s] Level 1:colcon.colcon_core.shell:create_environment_hook('group_32_apriltag', 'ld_library_path_lib')
[23.243s] INFO:colcon.colcon_core.shell:Creating environment hook '/home/michele-zarantonello/my_ws/install/group_32_apriltag/share/group_32_apriltag/hook/ld_library_path_lib.ps1'
[23.243s] INFO:colcon.colcon_core.shell:Creating environment descriptor '/home/michele-zarantonello/my_ws/install/group_32_apriltag/share/group_32_apriltag/hook/ld_library_path_lib.dsv'
[23.243s] INFO:colcon.colcon_core.shell:Creating environment hook '/home/michele-zarantonello/my_ws/install/group_32_apriltag/share/group_32_apriltag/hook/ld_library_path_lib.sh'
[23.244s] Level 1:colcon.colcon_core.environment:checking '/home/michele-zarantonello/my_ws/install/group_32_apriltag/bin'
[23.244s] Level 1:colcon.colcon_core.environment:checking '/home/michele-zarantonello/my_ws/install/group_32_apriltag/lib/pkgconfig/group_32_apriltag.pc'
[23.244s] Level 1:colcon.colcon_core.environment:checking '/home/michele-zarantonello/my_ws/install/group_32_apriltag/lib/python3.12/site-packages'
[23.244s] Level 1:colcon.colcon_core.environment:checking '/home/michele-zarantonello/my_ws/install/group_32_apriltag/bin'
[23.244s] INFO:colcon.colcon_core.shell:Creating package script '/home/michele-zarantonello/my_ws/install/group_32_apriltag/share/group_32_apriltag/package.ps1'
[23.245s] INFO:colcon.colcon_core.shell:Creating package descriptor '/home/michele-zarantonello/my_ws/install/group_32_apriltag/share/group_32_apriltag/package.dsv'
[23.245s] INFO:colcon.colcon_core.shell:Creating package script '/home/michele-zarantonello/my_ws/install/group_32_apriltag/share/group_32_apriltag/package.sh'
[23.246s] INFO:colcon.colcon_core.shell:Creating package script '/home/michele-zarantonello/my_ws/install/group_32_apriltag/share/group_32_apriltag/package.bash'
[23.246s] INFO:colcon.colcon_core.shell:Creating package script '/home/michele-zarantonello/my_ws/install/group_32_apriltag/share/group_32_apriltag/package.zsh'
[23.246s] Level 1:colcon.colcon_core.environment:create_file_with_runtime_dependencies(/home/michele-zarantonello/my_ws/install/group_32_apriltag/share/colcon-core/packages/group_32_apriltag)
[23.247s] Level 1:colcon.colcon_core.environment:create_environment_scripts_only(group_32_apriltag)
[23.247s] Level 1:colcon.colcon_core.environment:checking '/home/michele-zarantonello/my_ws/install/group_32_apriltag' for CMake module files
[23.247s] Level 1:colcon.colcon_core.environment:checking '/home/michele-zarantonello/my_ws/install/group_32_apriltag' for CMake config files
[23.247s] Level 1:colcon.colcon_core.shell:create_environment_hook('group_32_apriltag', 'cmake_prefix_path')
[23.247s] INFO:colcon.colcon_core.shell:Creating environment hook '/home/michele-zarantonello/my_ws/install/group_32_apriltag/share/group_32_apriltag/hook/cmake_prefix_path.ps1'
[23.248s] INFO:colcon.colcon_core.shell:Creating environment descriptor '/home/michele-zarantonello/my_ws/install/group_32_apriltag/share/group_32_apriltag/hook/cmake_prefix_path.dsv'
[23.248s] INFO:colcon.colcon_core.shell:Creating environment hook '/home/michele-zarantonello/my_ws/install/group_32_apriltag/share/group_32_apriltag/hook/cmake_prefix_path.sh'
[23.249s] Level 1:colcon.colcon_core.environment:checking '/home/michele-zarantonello/my_ws/install/group_32_apriltag/lib'
[23.249s] Level 1:colcon.colcon_core.shell:create_environment_hook('group_32_apriltag', 'ld_library_path_lib')
[23.249s] INFO:colcon.colcon_core.shell:Creating environment hook '/home/michele-zarantonello/my_ws/install/group_32_apriltag/share/group_32_apriltag/hook/ld_library_path_lib.ps1'
[23.249s] INFO:colcon.colcon_core.shell:Creating environment descriptor '/home/michele-zarantonello/my_ws/install/group_32_apriltag/share/group_32_apriltag/hook/ld_library_path_lib.dsv'
[23.249s] INFO:colcon.colcon_core.shell:Creating environment hook '/home/michele-zarantonello/my_ws/install/group_32_apriltag/share/group_32_apriltag/hook/ld_library_path_lib.sh'
[23.250s] Level 1:colcon.colcon_core.environment:checking '/home/michele-zarantonello/my_ws/install/group_32_apriltag/bin'
[23.250s] Level 1:colcon.colcon_core.environment:checking '/home/michele-zarantonello/my_ws/install/group_32_apriltag/lib/pkgconfig/group_32_apriltag.pc'
[23.250s] Level 1:colcon.colcon_core.environment:checking '/home/michele-zarantonello/my_ws/install/group_32_apriltag/lib/python3.12/site-packages'
[23.250s] Level 1:colcon.colcon_core.environment:checking '/home/michele-zarantonello/my_ws/install/group_32_apriltag/bin'
[23.250s] INFO:colcon.colcon_core.shell:Creating package script '/home/michele-zarantonello/my_ws/install/group_32_apriltag/share/group_32_apriltag/package.ps1'
[23.251s] INFO:colcon.colcon_core.shell:Creating package descriptor '/home/michele-zarantonello/my_ws/install/group_32_apriltag/share/group_32_apriltag/package.dsv'
[23.251s] INFO:colcon.colcon_core.shell:Creating package script '/home/michele-zarantonello/my_ws/install/group_32_apriltag/share/group_32_apriltag/package.sh'
[23.252s] INFO:colcon.colcon_core.shell:Creating package script '/home/michele-zarantonello/my_ws/install/group_32_apriltag/share/group_32_apriltag/package.bash'
[23.252s] INFO:colcon.colcon_core.shell:Creating package script '/home/michele-zarantonello/my_ws/install/group_32_apriltag/share/group_32_apriltag/package.zsh'
[23.252s] Level 1:colcon.colcon_core.environment:create_file_with_runtime_dependencies(/home/michele-zarantonello/my_ws/install/group_32_apriltag/share/colcon-core/packages/group_32_apriltag)
[23.252s] DEBUG:colcon.colcon_parallel_executor.executor.parallel:closing loop
[23.253s] DEBUG:colcon.colcon_parallel_executor.executor.parallel:loop closed
[23.253s] DEBUG:colcon.colcon_parallel_executor.executor.parallel:run_until_complete finished with '0'
[23.253s] DEBUG:colcon.colcon_core.event_reactor:joining thread
[23.258s] INFO:colcon.colcon_core.plugin_system:Skipping extension 'colcon_notification.desktop_notification.terminal_notifier': Not used on non-Darwin systems
[23.258s] INFO:colcon.colcon_core.plugin_system:Skipping extension 'colcon_notification.desktop_notification.win32': Not used on non-Windows systems
[23.258s] INFO:colcon.colcon_notification.desktop_notification:Sending desktop notification using 'notify2'
[23.275s] DEBUG:colcon.colcon_core.event_reactor:joined thread
[23.276s] INFO:colcon.colcon_core.shell:Creating prefix script '/home/michele-zarantonello/my_ws/install/local_setup.ps1'
[23.277s] INFO:colcon.colcon_core.shell:Creating prefix util module '/home/michele-zarantonello/my_ws/install/_local_setup_util_ps1.py'
[23.279s] INFO:colcon.colcon_core.shell:Creating prefix chain script '/home/michele-zarantonello/my_ws/install/setup.ps1'
[23.281s] INFO:colcon.colcon_core.shell:Creating prefix script '/home/michele-zarantonello/my_ws/install/local_setup.sh'
[23.282s] INFO:colcon.colcon_core.shell:Creating prefix util module '/home/michele-zarantonello/my_ws/install/_local_setup_util_sh.py'
[23.282s] INFO:colcon.colcon_core.shell:Creating prefix chain script '/home/michele-zarantonello/my_ws/install/setup.sh'
[23.284s] INFO:colcon.colcon_core.shell:Creating prefix script '/home/michele-zarantonello/my_ws/install/local_setup.bash'
[23.284s] INFO:colcon.colcon_core.shell:Creating prefix chain script '/home/michele-zarantonello/my_ws/install/setup.bash'
[23.286s] INFO:colcon.colcon_core.shell:Creating prefix script '/home/michele-zarantonello/my_ws/install/local_setup.zsh'
[23.286s] INFO:colcon.colcon_core.shell:Creating prefix chain script '/home/michele-zarantonello/my_ws/install/setup.zsh'
