[0.113s] DEBUG:colcon:Command line arguments: ['/usr/bin/colcon', 'build']
[0.113s] DEBUG:colcon:Parsed command line arguments: Namespace(log_base=None, log_level=None, verb_name='build', build_base='build', install_base='install', merge_install=False, symlink_install=False, test_result_base=None, continue_on_error=False, executor='parallel', parallel_workers=8, event_handlers=None, ignore_user_meta=False, metas=['./colcon.meta'], base_paths=['.'], packages_ignore=None, packages_ignore_regex=None, paths=None, packages_up_to=None, packages_up_to_regex=None, packages_above=None, packages_above_and_dependencies=None, packages_above_depth=None, packages_select_by_dep=None, packages_skip_by_dep=None, packages_skip_up_to=None, packages_select_build_failed=False, packages_skip_build_finished=False, packages_select_test_failures=False, packages_skip_test_passed=False, packages_select=None, packages_skip=None, packages_select_regex=None, packages_skip_regex=None, packages_start=None, packages_end=None, allow_overriding=[], cmake_args=None, cmake_target=None, cmake_target_skip_unavailable=False, cmake_clean_cache=False, cmake_clean_first=False, cmake_force_configure=False, ament_cmake_args=None, catkin_cmake_args=None, catkin_skip_building_tests=False, mixin_files=None, mixin=None, verb_parser=<colcon_mixin.mixin.mixin_argument.MixinArgumentDecorator object at 0x7fd43fa83140>, verb_extension=<colcon_core.verb.build.BuildVerb object at 0x7fd43fbb36e0>, main=<bound method BuildVerb.main of <colcon_core.verb.build.BuildVerb object at 0x7fd43fbb36e0>>, mixin_verb=('build',))
[0.148s] Level 1:colcon.colcon_core.package_discovery:discover_packages(colcon_meta) check parameters
[0.148s] Level 1:colcon.colcon_core.package_discovery:discover_packages(recursive) check parameters
[0.148s] Level 1:colcon.colcon_core.package_discovery:discover_packages(ignore) check parameters
[0.148s] Level 1:colcon.colcon_core.package_discovery:discover_packages(path) check parameters
[0.148s] Level 1:colcon.colcon_core.package_discovery:discover_packages(colcon_meta) discover
[0.149s] Level 1:colcon.colcon_core.package_discovery:discover_packages(recursive) discover
[0.149s] INFO:colcon.colcon_core.package_discovery:Crawling recursively for packages in '/home/michele-zarantonello/my_ws'
[0.149s] Level 1:colcon.colcon_core.package_identification:_identify(.) by extensions ['ignore', 'ignore_ament_install']
[0.149s] Level 1:colcon.colcon_core.package_identification:_identify(.) by extension 'ignore'
[0.149s] Level 1:colcon.colcon_core.package_identification:_identify(.) by extension 'ignore_ament_install'
[0.149s] Level 1:colcon.colcon_core.package_identification:_identify(.) by extensions ['colcon_pkg']
[0.149s] Level 1:colcon.colcon_core.package_identification:_identify(.) by extension 'colcon_pkg'
[0.149s] Level 1:colcon.colcon_core.package_identification:_identify(.) by extensions ['colcon_meta']
[0.149s] Level 1:colcon.colcon_core.package_identification:_identify(.) by extension 'colcon_meta'
[0.149s] Level 1:colcon.colcon_core.package_identification:_identify(.) by extensions ['ros']
[0.149s] Level 1:colcon.colcon_core.package_identification:_identify(.) by extension 'ros'
[0.174s] Level 1:colcon.colcon_core.package_identification:_identify(.) by extensions ['cmake', 'python']
[0.174s] Level 1:colcon.colcon_core.package_identification:_identify(.) by extension 'cmake'
[0.174s] Level 1:colcon.colcon_core.package_identification:_identify(.) by extension 'python'
[0.174s] Level 1:colcon.colcon_core.package_identification:_identify(.) by extensions ['python_setup_py']
[0.174s] Level 1:colcon.colcon_core.package_identification:_identify(.) by extension 'python_setup_py'
[0.174s] Level 1:colcon.colcon_core.package_identification:_identify(build) by extensions ['ignore', 'ignore_ament_install']
[0.175s] Level 1:colcon.colcon_core.package_identification:_identify(build) by extension 'ignore'
[0.175s] Level 1:colcon.colcon_core.package_identification:_identify(build) ignored
[0.175s] Level 1:colcon.colcon_core.package_identification:_identify(install) by extensions ['ignore', 'ignore_ament_install']
[0.175s] Level 1:colcon.colcon_core.package_identification:_identify(install) by extension 'ignore'
[0.175s] Level 1:colcon.colcon_core.package_identification:_identify(install) ignored
[0.175s] Level 1:colcon.colcon_core.package_identification:_identify(log) by extensions ['ignore', 'ignore_ament_install']
[0.175s] Level 1:colcon.colcon_core.package_identification:_identify(log) by extension 'ignore'
[0.175s] Level 1:colcon.colcon_core.package_identification:_identify(log) ignored
[0.175s] Level 1:colcon.colcon_core.package_identification:_identify(src) by extensions ['ignore', 'ignore_ament_install']
[0.175s] Level 1:colcon.colcon_core.package_identification:_identify(src) by extension 'ignore'
[0.175s] Level 1:colcon.colcon_core.package_identification:_identify(src) by extension 'ignore_ament_install'
[0.176s] Level 1:colcon.colcon_core.package_identification:_identify(src) by extensions ['colcon_pkg']
[0.176s] Level 1:colcon.colcon_core.package_identification:_identify(src) by extension 'colcon_pkg'
[0.176s] Level 1:colcon.colcon_core.package_identification:_identify(src) by extensions ['colcon_meta']
[0.176s] Level 1:colcon.colcon_core.package_identification:_identify(src) by extension 'colcon_meta'
[0.176s] Level 1:colcon.colcon_core.package_identification:_identify(src) by extensions ['ros']
[0.176s] Level 1:colcon.colcon_core.package_identification:_identify(src) by extension 'ros'
[0.176s] Level 1:colcon.colcon_core.package_identification:_identify(src) by extensions ['cmake', 'python']
[0.176s] Level 1:colcon.colcon_core.package_identification:_identify(src) by extension 'cmake'
[0.176s] Level 1:colcon.colcon_core.package_identification:_identify(src) by extension 'python'
[0.176s] Level 1:colcon.colcon_core.package_identification:_identify(src) by extensions ['python_setup_py']
[0.176s] Level 1:colcon.colcon_core.package_identification:_identify(src) by extension 'python_setup_py'
[0.176s] Level 1:colcon.colcon_core.package_identification:_identify(src/ir_2526) by extensions ['ignore', 'ignore_ament_install']
[0.176s] Level 1:colcon.colcon_core.package_identification:_identify(src/ir_2526) by extension 'ignore'
[0.176s] Level 1:colcon.colcon_core.package_identification:_identify(src/ir_2526) by extension 'ignore_ament_install'
[0.176s] Level 1:colcon.colcon_core.package_identification:_identify(src/ir_2526) by extensions ['colcon_pkg']
[0.176s] Level 1:colcon.colcon_core.package_identification:_identify(src/ir_2526) by extension 'colcon_pkg'
[0.176s] Level 1:colcon.colcon_core.package_identification:_identify(src/ir_2526) by extensions ['colcon_meta']
[0.176s] Level 1:colcon.colcon_core.package_identification:_identify(src/ir_2526) by extension 'colcon_meta'
[0.176s] Level 1:colcon.colcon_core.package_identification:_identify(src/ir_2526) by extensions ['ros']
[0.177s] Level 1:colcon.colcon_core.package_identification:_identify(src/ir_2526) by extension 'ros'
[0.177s] Level 1:colcon.colcon_core.package_identification:_identify(src/ir_2526) by extensions ['cmake', 'python']
[0.177s] Level 1:colcon.colcon_core.package_identification:_identify(src/ir_2526) by extension 'cmake'
[0.177s] Level 1:colcon.colcon_core.package_identification:_identify(src/ir_2526) by extension 'python'
[0.177s] Level 1:colcon.colcon_core.package_identification:_identify(src/ir_2526) by extensions ['python_setup_py']
[0.177s] Level 1:colcon.colcon_core.package_identification:_identify(src/ir_2526) by extension 'python_setup_py'
[0.177s] Level 1:colcon.colcon_core.package_identification:_identify(src/ir_2526/apriltag_ros) by extensions ['ignore', 'ignore_ament_install']
[0.177s] Level 1:colcon.colcon_core.package_identification:_identify(src/ir_2526/apriltag_ros) by extension 'ignore'
[0.177s] Level 1:colcon.colcon_core.package_identification:_identify(src/ir_2526/apriltag_ros) by extension 'ignore_ament_install'
[0.177s] Level 1:colcon.colcon_core.package_identification:_identify(src/ir_2526/apriltag_ros) by extensions ['colcon_pkg']
[0.177s] Level 1:colcon.colcon_core.package_identification:_identify(src/ir_2526/apriltag_ros) by extension 'colcon_pkg'
[0.177s] Level 1:colcon.colcon_core.package_identification:_identify(src/ir_2526/apriltag_ros) by extensions ['colcon_meta']
[0.177s] Level 1:colcon.colcon_core.package_identification:_identify(src/ir_2526/apriltag_ros) by extension 'colcon_meta'
[0.177s] Level 1:colcon.colcon_core.package_identification:_identify(src/ir_2526/apriltag_ros) by extensions ['ros']
[0.177s] Level 1:colcon.colcon_core.package_identification:_identify(src/ir_2526/apriltag_ros) by extension 'ros'
[0.182s] DEBUG:colcon.colcon_core.package_identification:Package 'src/ir_2526/apriltag_ros' with type 'ros.ament_cmake' and name 'apriltag_ros'
[0.182s] Level 1:colcon.colcon_core.package_identification:_identify(src/ir_2526/ir_base) by extensions ['ignore', 'ignore_ament_install']
[0.182s] Level 1:colcon.colcon_core.package_identification:_identify(src/ir_2526/ir_base) by extension 'ignore'
[0.182s] Level 1:colcon.colcon_core.package_identification:_identify(src/ir_2526/ir_base) by extension 'ignore_ament_install'
[0.182s] Level 1:colcon.colcon_core.package_identification:_identify(src/ir_2526/ir_base) by extensions ['colcon_pkg']
[0.182s] Level 1:colcon.colcon_core.package_identification:_identify(src/ir_2526/ir_base) by extension 'colcon_pkg'
[0.183s] Level 1:colcon.colcon_core.package_identification:_identify(src/ir_2526/ir_base) by extensions ['colcon_meta']
[0.183s] Level 1:colcon.colcon_core.package_identification:_identify(src/ir_2526/ir_base) by extension 'colcon_meta'
[0.183s] Level 1:colcon.colcon_core.package_identification:_identify(src/ir_2526/ir_base) by extensions ['ros']
[0.183s] Level 1:colcon.colcon_core.package_identification:_identify(src/ir_2526/ir_base) by extension 'ros'
[0.183s] DEBUG:colcon.colcon_core.package_identification:Package 'src/ir_2526/ir_base' with type 'ros.ament_cmake' and name 'ir_base'
[0.183s] Level 1:colcon.colcon_core.package_identification:_identify(src/ir_2526/ir_desription) by extensions ['ignore', 'ignore_ament_install']
[0.183s] Level 1:colcon.colcon_core.package_identification:_identify(src/ir_2526/ir_desription) by extension 'ignore'
[0.183s] Level 1:colcon.colcon_core.package_identification:_identify(src/ir_2526/ir_desription) by extension 'ignore_ament_install'
[0.184s] Level 1:colcon.colcon_core.package_identification:_identify(src/ir_2526/ir_desription) by extensions ['colcon_pkg']
[0.184s] Level 1:colcon.colcon_core.package_identification:_identify(src/ir_2526/ir_desription) by extension 'colcon_pkg'
[0.184s] Level 1:colcon.colcon_core.package_identification:_identify(src/ir_2526/ir_desription) by extensions ['colcon_meta']
[0.184s] Level 1:colcon.colcon_core.package_identification:_identify(src/ir_2526/ir_desription) by extension 'colcon_meta'
[0.184s] Level 1:colcon.colcon_core.package_identification:_identify(src/ir_2526/ir_desription) by extensions ['ros']
[0.184s] Level 1:colcon.colcon_core.package_identification:_identify(src/ir_2526/ir_desription) by extension 'ros'
[0.184s] DEBUG:colcon.colcon_core.package_identification:Package 'src/ir_2526/ir_desription' with type 'ros.ament_cmake' and name 'ir_desription'
[0.184s] Level 1:colcon.colcon_core.package_identification:_identify(src/ir_2526/ir_launch) by extensions ['ignore', 'ignore_ament_install']
[0.184s] Level 1:colcon.colcon_core.package_identification:_identify(src/ir_2526/ir_launch) by extension 'ignore'
[0.184s] Level 1:colcon.colcon_core.package_identification:_identify(src/ir_2526/ir_launch) by extension 'ignore_ament_install'
[0.185s] Level 1:colcon.colcon_core.package_identification:_identify(src/ir_2526/ir_launch) by extensions ['colcon_pkg']
[0.185s] Level 1:colcon.colcon_core.package_identification:_identify(src/ir_2526/ir_launch) by extension 'colcon_pkg'
[0.185s] Level 1:colcon.colcon_core.package_identification:_identify(src/ir_2526/ir_launch) by extensions ['colcon_meta']
[0.185s] Level 1:colcon.colcon_core.package_identification:_identify(src/ir_2526/ir_launch) by extension 'colcon_meta'
[0.185s] Level 1:colcon.colcon_core.package_identification:_identify(src/ir_2526/ir_launch) by extensions ['ros']
[0.185s] Level 1:colcon.colcon_core.package_identification:_identify(src/ir_2526/ir_launch) by extension 'ros'
[0.185s] DEBUG:colcon.colcon_core.package_identification:Package 'src/ir_2526/ir_launch' with type 'ros.ament_cmake' and name 'ir_launch'
[0.185s] Level 1:colcon.colcon_core.package_identification:_identify(src/ir_2526/ir_movit_config) by extensions ['ignore', 'ignore_ament_install']
[0.185s] Level 1:colcon.colcon_core.package_identification:_identify(src/ir_2526/ir_movit_config) by extension 'ignore'
[0.185s] Level 1:colcon.colcon_core.package_identification:_identify(src/ir_2526/ir_movit_config) by extension 'ignore_ament_install'
[0.186s] Level 1:colcon.colcon_core.package_identification:_identify(src/ir_2526/ir_movit_config) by extensions ['colcon_pkg']
[0.186s] Level 1:colcon.colcon_core.package_identification:_identify(src/ir_2526/ir_movit_config) by extension 'colcon_pkg'
[0.186s] Level 1:colcon.colcon_core.package_identification:_identify(src/ir_2526/ir_movit_config) by extensions ['colcon_meta']
[0.186s] Level 1:colcon.colcon_core.package_identification:_identify(src/ir_2526/ir_movit_config) by extension 'colcon_meta'
[0.186s] Level 1:colcon.colcon_core.package_identification:_identify(src/ir_2526/ir_movit_config) by extensions ['ros']
[0.186s] Level 1:colcon.colcon_core.package_identification:_identify(src/ir_2526/ir_movit_config) by extension 'ros'
[0.186s] DEBUG:colcon.colcon_core.package_identification:Package 'src/ir_2526/ir_movit_config' with type 'ros.ament_cmake' and name 'ir_movit_config'
[0.187s] Level 1:colcon.colcon_core.package_identification:_identify(src/ws_group_32_assignments) by extensions ['ignore', 'ignore_ament_install']
[0.187s] Level 1:colcon.colcon_core.package_identification:_identify(src/ws_group_32_assignments) by extension 'ignore'
[0.187s] Level 1:colcon.colcon_core.package_identification:_identify(src/ws_group_32_assignments) by extension 'ignore_ament_install'
[0.187s] Level 1:colcon.colcon_core.package_identification:_identify(src/ws_group_32_assignments) by extensions ['colcon_pkg']
[0.187s] Level 1:colcon.colcon_core.package_identification:_identify(src/ws_group_32_assignments) by extension 'colcon_pkg'
[0.187s] Level 1:colcon.colcon_core.package_identification:_identify(src/ws_group_32_assignments) by extensions ['colcon_meta']
[0.187s] Level 1:colcon.colcon_core.package_identification:_identify(src/ws_group_32_assignments) by extension 'colcon_meta'
[0.187s] Level 1:colcon.colcon_core.package_identification:_identify(src/ws_group_32_assignments) by extensions ['ros']
[0.187s] Level 1:colcon.colcon_core.package_identification:_identify(src/ws_group_32_assignments) by extension 'ros'
[0.187s] Level 1:colcon.colcon_core.package_identification:_identify(src/ws_group_32_assignments) by extensions ['cmake', 'python']
[0.187s] Level 1:colcon.colcon_core.package_identification:_identify(src/ws_group_32_assignments) by extension 'cmake'
[0.187s] Level 1:colcon.colcon_core.package_identification:_identify(src/ws_group_32_assignments) by extension 'python'
[0.187s] Level 1:colcon.colcon_core.package_identification:_identify(src/ws_group_32_assignments) by extensions ['python_setup_py']
[0.187s] Level 1:colcon.colcon_core.package_identification:_identify(src/ws_group_32_assignments) by extension 'python_setup_py'
[0.187s] Level 1:colcon.colcon_core.package_identification:_identify(src/ws_group_32_assignments/group_32_apriltag) by extensions ['ignore', 'ignore_ament_install']
[0.187s] Level 1:colcon.colcon_core.package_identification:_identify(src/ws_group_32_assignments/group_32_apriltag) by extension 'ignore'
[0.188s] Level 1:colcon.colcon_core.package_identification:_identify(src/ws_group_32_assignments/group_32_apriltag) by extension 'ignore_ament_install'
[0.188s] Level 1:colcon.colcon_core.package_identification:_identify(src/ws_group_32_assignments/group_32_apriltag) by extensions ['colcon_pkg']
[0.188s] Level 1:colcon.colcon_core.package_identification:_identify(src/ws_group_32_assignments/group_32_apriltag) by extension 'colcon_pkg'
[0.188s] Level 1:colcon.colcon_core.package_identification:_identify(src/ws_group_32_assignments/group_32_apriltag) by extensions ['colcon_meta']
[0.188s] Level 1:colcon.colcon_core.package_identification:_identify(src/ws_group_32_assignments/group_32_apriltag) by extension 'colcon_meta'
[0.188s] Level 1:colcon.colcon_core.package_identification:_identify(src/ws_group_32_assignments/group_32_apriltag) by extensions ['ros']
[0.188s] Level 1:colcon.colcon_core.package_identification:_identify(src/ws_group_32_assignments/group_32_apriltag) by extension 'ros'
[0.189s] DEBUG:colcon.colcon_core.package_identification:Package 'src/ws_group_32_assignments/group_32_apriltag' with type 'ros.ament_cmake' and name 'group_32_apriltag'
[0.189s] Level 1:colcon.colcon_core.package_identification:_identify(src/ws_group_32_assignments/group_32_launch) by extensions ['ignore', 'ignore_ament_install']
[0.189s] Level 1:colcon.colcon_core.package_identification:_identify(src/ws_group_32_assignments/group_32_launch) by extension 'ignore'
[0.189s] Level 1:colcon.colcon_core.package_identification:_identify(src/ws_group_32_assignments/group_32_launch) by extension 'ignore_ament_install'
[0.190s] Level 1:colcon.colcon_core.package_identification:_identify(src/ws_group_32_assignments/group_32_launch) by extensions ['colcon_pkg']
[0.190s] Level 1:colcon.colcon_core.package_identification:_identify(src/ws_group_32_assignments/group_32_launch) by extension 'colcon_pkg'
[0.190s] Level 1:colcon.colcon_core.package_identification:_identify(src/ws_group_32_assignments/group_32_launch) by extensions ['colcon_meta']
[0.190s] Level 1:colcon.colcon_core.package_identification:_identify(src/ws_group_32_assignments/group_32_launch) by extension 'colcon_meta'
[0.190s] Level 1:colcon.colcon_core.package_identification:_identify(src/ws_group_32_assignments/group_32_launch) by extensions ['ros']
[0.190s] Level 1:colcon.colcon_core.package_identification:_identify(src/ws_group_32_assignments/group_32_launch) by extension 'ros'
[0.190s] DEBUG:colcon.colcon_core.package_identification:Package 'src/ws_group_32_assignments/group_32_launch' with type 'ros.ament_cmake' and name 'group_32_launch'
[0.190s] Level 1:colcon.colcon_core.package_identification:_identify(src/ws_group_32_assignments/group_32_navigation) by extensions ['ignore', 'ignore_ament_install']
[0.190s] Level 1:colcon.colcon_core.package_identification:_identify(src/ws_group_32_assignments/group_32_navigation) by extension 'ignore'
[0.190s] Level 1:colcon.colcon_core.package_identification:_identify(src/ws_group_32_assignments/group_32_navigation) by extension 'ignore_ament_install'
[0.191s] Level 1:colcon.colcon_core.package_identification:_identify(src/ws_group_32_assignments/group_32_navigation) by extensions ['colcon_pkg']
[0.191s] Level 1:colcon.colcon_core.package_identification:_identify(src/ws_group_32_assignments/group_32_navigation) by extension 'colcon_pkg'
[0.191s] Level 1:colcon.colcon_core.package_identification:_identify(src/ws_group_32_assignments/group_32_navigation) by extensions ['colcon_meta']
[0.191s] Level 1:colcon.colcon_core.package_identification:_identify(src/ws_group_32_assignments/group_32_navigation) by extension 'colcon_meta'
[0.191s] Level 1:colcon.colcon_core.package_identification:_identify(src/ws_group_32_assignments/group_32_navigation) by extensions ['ros']
[0.191s] Level 1:colcon.colcon_core.package_identification:_identify(src/ws_group_32_assignments/group_32_navigation) by extension 'ros'
[0.192s] DEBUG:colcon.colcon_core.package_identification:Package 'src/ws_group_32_assignments/group_32_navigation' with type 'ros.ament_cmake' and name 'group_32_navigation'
[0.192s] Level 1:colcon.colcon_core.package_discovery:discover_packages(recursive) using defaults
[0.192s] Level 1:colcon.colcon_core.package_discovery:discover_packages(ignore) discover
[0.192s] Level 1:colcon.colcon_core.package_discovery:discover_packages(ignore) using defaults
[0.192s] Level 1:colcon.colcon_core.package_discovery:discover_packages(path) discover
[0.192s] Level 1:colcon.colcon_core.package_discovery:discover_packages(path) using defaults
[0.210s] Level 1:colcon.colcon_core.package_discovery:discover_packages(prefix_path) check parameters
[0.210s] Level 1:colcon.colcon_core.package_discovery:discover_packages(prefix_path) discover
[0.212s] DEBUG:colcon.colcon_installed_package_information.package_discovery:Found 12 installed packages in /home/michele-zarantonello/my_ws/install
[0.214s] DEBUG:colcon.colcon_installed_package_information.package_discovery:Found 472 installed packages in /opt/ros/jazzy
[0.215s] Level 1:colcon.colcon_core.package_discovery:discover_packages(prefix_path) using defaults
[0.292s] Level 5:colcon.colcon_core.verb:set package 'apriltag_ros' build argument 'cmake_args' from command line to 'None'
[0.292s] Level 5:colcon.colcon_core.verb:set package 'apriltag_ros' build argument 'cmake_target' from command line to 'None'
[0.292s] Level 5:colcon.colcon_core.verb:set package 'apriltag_ros' build argument 'cmake_target_skip_unavailable' from command line to 'False'
[0.292s] Level 5:colcon.colcon_core.verb:set package 'apriltag_ros' build argument 'cmake_clean_cache' from command line to 'False'
[0.292s] Level 5:colcon.colcon_core.verb:set package 'apriltag_ros' build argument 'cmake_clean_first' from command line to 'False'
[0.293s] Level 5:colcon.colcon_core.verb:set package 'apriltag_ros' build argument 'cmake_force_configure' from command line to 'False'
[0.293s] Level 5:colcon.colcon_core.verb:set package 'apriltag_ros' build argument 'ament_cmake_args' from command line to 'None'
[0.293s] Level 5:colcon.colcon_core.verb:set package 'apriltag_ros' build argument 'catkin_cmake_args' from command line to 'None'
[0.293s] Level 5:colcon.colcon_core.verb:set package 'apriltag_ros' build argument 'catkin_skip_building_tests' from command line to 'False'
[0.293s] DEBUG:colcon.colcon_core.verb:Building package 'apriltag_ros' with the following arguments: {'ament_cmake_args': None, 'build_base': '/home/michele-zarantonello/my_ws/build/apriltag_ros', 'catkin_cmake_args': None, 'catkin_skip_building_tests': False, 'cmake_args': None, 'cmake_clean_cache': False, 'cmake_clean_first': False, 'cmake_force_configure': False, 'cmake_target': None, 'cmake_target_skip_unavailable': False, 'install_base': '/home/michele-zarantonello/my_ws/install/apriltag_ros', 'merge_install': False, 'path': '/home/michele-zarantonello/my_ws/src/ir_2526/apriltag_ros', 'symlink_install': False, 'test_result_base': None}
[0.293s] Level 5:colcon.colcon_core.verb:set package 'group_32_apriltag' build argument 'cmake_args' from command line to 'None'
[0.293s] Level 5:colcon.colcon_core.verb:set package 'group_32_apriltag' build argument 'cmake_target' from command line to 'None'
[0.293s] Level 5:colcon.colcon_core.verb:set package 'group_32_apriltag' build argument 'cmake_target_skip_unavailable' from command line to 'False'
[0.293s] Level 5:colcon.colcon_core.verb:set package 'group_32_apriltag' build argument 'cmake_clean_cache' from command line to 'False'
[0.293s] Level 5:colcon.colcon_core.verb:set package 'group_32_apriltag' build argument 'cmake_clean_first' from command line to 'False'
[0.293s] Level 5:colcon.colcon_core.verb:set package 'group_32_apriltag' build argument 'cmake_force_configure' from command line to 'False'
[0.293s] Level 5:colcon.colcon_core.verb:set package 'group_32_apriltag' build argument 'ament_cmake_args' from command line to 'None'
[0.293s] Level 5:colcon.colcon_core.verb:set package 'group_32_apriltag' build argument 'catkin_cmake_args' from command line to 'None'
[0.293s] Level 5:colcon.colcon_core.verb:set package 'group_32_apriltag' build argument 'catkin_skip_building_tests' from command line to 'False'
[0.293s] DEBUG:colcon.colcon_core.verb:Building package 'group_32_apriltag' with the following arguments: {'ament_cmake_args': None, 'build_base': '/home/michele-zarantonello/my_ws/build/group_32_apriltag', 'catkin_cmake_args': None, 'catkin_skip_building_tests': False, 'cmake_args': None, 'cmake_clean_cache': False, 'cmake_clean_first': False, 'cmake_force_configure': False, 'cmake_target': None, 'cmake_target_skip_unavailable': False, 'install_base': '/home/michele-zarantonello/my_ws/install/group_32_apriltag', 'merge_install': False, 'path': '/home/michele-zarantonello/my_ws/src/ws_group_32_assignments/group_32_apriltag', 'symlink_install': False, 'test_result_base': None}
[0.293s] Level 5:colcon.colcon_core.verb:set package 'group_32_launch' build argument 'cmake_args' from command line to 'None'
[0.293s] Level 5:colcon.colcon_core.verb:set package 'group_32_launch' build argument 'cmake_target' from command line to 'None'
[0.293s] Level 5:colcon.colcon_core.verb:set package 'group_32_launch' build argument 'cmake_target_skip_unavailable' from command line to 'False'
[0.293s] Level 5:colcon.colcon_core.verb:set package 'group_32_launch' build argument 'cmake_clean_cache' from command line to 'False'
[0.294s] Level 5:colcon.colcon_core.verb:set package 'group_32_launch' build argument 'cmake_clean_first' from command line to 'False'
[0.294s] Level 5:colcon.colcon_core.verb:set package 'group_32_launch' build argument 'cmake_force_configure' from command line to 'False'
[0.294s] Level 5:colcon.colcon_core.verb:set package 'group_32_launch' build argument 'ament_cmake_args' from command line to 'None'
[0.294s] Level 5:colcon.colcon_core.verb:set package 'group_32_launch' build argument 'catkin_cmake_args' from command line to 'None'
[0.294s] Level 5:colcon.colcon_core.verb:set package 'group_32_launch' build argument 'catkin_skip_building_tests' from command line to 'False'
[0.294s] DEBUG:colcon.colcon_core.verb:Building package 'group_32_launch' with the following arguments: {'ament_cmake_args': None, 'build_base': '/home/michele-zarantonello/my_ws/build/group_32_launch', 'catkin_cmake_args': None, 'catkin_skip_building_tests': False, 'cmake_args': None, 'cmake_clean_cache': False, 'cmake_clean_first': False, 'cmake_force_configure': False, 'cmake_target': None, 'cmake_target_skip_unavailable': False, 'install_base': '/home/michele-zarantonello/my_ws/install/group_32_launch', 'merge_install': False, 'path': '/home/michele-zarantonello/my_ws/src/ws_group_32_assignments/group_32_launch', 'symlink_install': False, 'test_result_base': None}
[0.294s] Level 5:colcon.colcon_core.verb:set package 'group_32_navigation' build argument 'cmake_args' from command line to 'None'
[0.294s] Level 5:colcon.colcon_core.verb:set package 'group_32_navigation' build argument 'cmake_target' from command line to 'None'
[0.294s] Level 5:colcon.colcon_core.verb:set package 'group_32_navigation' build argument 'cmake_target_skip_unavailable' from command line to 'False'
[0.294s] Level 5:colcon.colcon_core.verb:set package 'group_32_navigation' build argument 'cmake_clean_cache' from command line to 'False'
[0.294s] Level 5:colcon.colcon_core.verb:set package 'group_32_navigation' build argument 'cmake_clean_first' from command line to 'False'
[0.294s] Level 5:colcon.colcon_core.verb:set package 'group_32_navigation' build argument 'cmake_force_configure' from command line to 'False'
[0.294s] Level 5:colcon.colcon_core.verb:set package 'group_32_navigation' build argument 'ament_cmake_args' from command line to 'None'
[0.294s] Level 5:colcon.colcon_core.verb:set package 'group_32_navigation' build argument 'catkin_cmake_args' from command line to 'None'
[0.294s] Level 5:colcon.colcon_core.verb:set package 'group_32_navigation' build argument 'catkin_skip_building_tests' from command line to 'False'
[0.294s] DEBUG:colcon.colcon_core.verb:Building package 'group_32_navigation' with the following arguments: {'ament_cmake_args': None, 'build_base': '/home/michele-zarantonello/my_ws/build/group_32_navigation', 'catkin_cmake_args': None, 'catkin_skip_building_tests': False, 'cmake_args': None, 'cmake_clean_cache': False, 'cmake_clean_first': False, 'cmake_force_configure': False, 'cmake_target': None, 'cmake_target_skip_unavailable': False, 'install_base': '/home/michele-zarantonello/my_ws/install/group_32_navigation', 'merge_install': False, 'path': '/home/michele-zarantonello/my_ws/src/ws_group_32_assignments/group_32_navigation', 'symlink_install': False, 'test_result_base': None}
[0.294s] Level 5:colcon.colcon_core.verb:set package 'ir_base' build argument 'cmake_args' from command line to 'None'
[0.294s] Level 5:colcon.colcon_core.verb:set package 'ir_base' build argument 'cmake_target' from command line to 'None'
[0.294s] Level 5:colcon.colcon_core.verb:set package 'ir_base' build argument 'cmake_target_skip_unavailable' from command line to 'False'
[0.294s] Level 5:colcon.colcon_core.verb:set package 'ir_base' build argument 'cmake_clean_cache' from command line to 'False'
[0.294s] Level 5:colcon.colcon_core.verb:set package 'ir_base' build argument 'cmake_clean_first' from command line to 'False'
[0.295s] Level 5:colcon.colcon_core.verb:set package 'ir_base' build argument 'cmake_force_configure' from command line to 'False'
[0.295s] Level 5:colcon.colcon_core.verb:set package 'ir_base' build argument 'ament_cmake_args' from command line to 'None'
[0.295s] Level 5:colcon.colcon_core.verb:set package 'ir_base' build argument 'catkin_cmake_args' from command line to 'None'
[0.295s] Level 5:colcon.colcon_core.verb:set package 'ir_base' build argument 'catkin_skip_building_tests' from command line to 'False'
[0.295s] DEBUG:colcon.colcon_core.verb:Building package 'ir_base' with the following arguments: {'ament_cmake_args': None, 'build_base': '/home/michele-zarantonello/my_ws/build/ir_base', 'catkin_cmake_args': None, 'catkin_skip_building_tests': False, 'cmake_args': None, 'cmake_clean_cache': False, 'cmake_clean_first': False, 'cmake_force_configure': False, 'cmake_target': None, 'cmake_target_skip_unavailable': False, 'install_base': '/home/michele-zarantonello/my_ws/install/ir_base', 'merge_install': False, 'path': '/home/michele-zarantonello/my_ws/src/ir_2526/ir_base', 'symlink_install': False, 'test_result_base': None}
[0.295s] Level 5:colcon.colcon_core.verb:set package 'ir_desription' build argument 'cmake_args' from command line to 'None'
[0.295s] Level 5:colcon.colcon_core.verb:set package 'ir_desription' build argument 'cmake_target' from command line to 'None'
[0.295s] Level 5:colcon.colcon_core.verb:set package 'ir_desription' build argument 'cmake_target_skip_unavailable' from command line to 'False'
[0.295s] Level 5:colcon.colcon_core.verb:set package 'ir_desription' build argument 'cmake_clean_cache' from command line to 'False'
[0.295s] Level 5:colcon.colcon_core.verb:set package 'ir_desription' build argument 'cmake_clean_first' from command line to 'False'
[0.295s] Level 5:colcon.colcon_core.verb:set package 'ir_desription' build argument 'cmake_force_configure' from command line to 'False'
[0.295s] Level 5:colcon.colcon_core.verb:set package 'ir_desription' build argument 'ament_cmake_args' from command line to 'None'
[0.295s] Level 5:colcon.colcon_core.verb:set package 'ir_desription' build argument 'catkin_cmake_args' from command line to 'None'
[0.295s] Level 5:colcon.colcon_core.verb:set package 'ir_desription' build argument 'catkin_skip_building_tests' from command line to 'False'
[0.295s] DEBUG:colcon.colcon_core.verb:Building package 'ir_desription' with the following arguments: {'ament_cmake_args': None, 'build_base': '/home/michele-zarantonello/my_ws/build/ir_desription', 'catkin_cmake_args': None, 'catkin_skip_building_tests': False, 'cmake_args': None, 'cmake_clean_cache': False, 'cmake_clean_first': False, 'cmake_force_configure': False, 'cmake_target': None, 'cmake_target_skip_unavailable': False, 'install_base': '/home/michele-zarantonello/my_ws/install/ir_desription', 'merge_install': False, 'path': '/home/michele-zarantonello/my_ws/src/ir_2526/ir_desription', 'symlink_install': False, 'test_result_base': None}
[0.295s] Level 5:colcon.colcon_core.verb:set package 'ir_launch' build argument 'cmake_args' from command line to 'None'
[0.295s] Level 5:colcon.colcon_core.verb:set package 'ir_launch' build argument 'cmake_target' from command line to 'None'
[0.295s] Level 5:colcon.colcon_core.verb:set package 'ir_launch' build argument 'cmake_target_skip_unavailable' from command line to 'False'
[0.295s] Level 5:colcon.colcon_core.verb:set package 'ir_launch' build argument 'cmake_clean_cache' from command line to 'False'
[0.295s] Level 5:colcon.colcon_core.verb:set package 'ir_launch' build argument 'cmake_clean_first' from command line to 'False'
[0.295s] Level 5:colcon.colcon_core.verb:set package 'ir_launch' build argument 'cmake_force_configure' from command line to 'False'
[0.295s] Level 5:colcon.colcon_core.verb:set package 'ir_launch' build argument 'ament_cmake_args' from command line to 'None'
[0.295s] Level 5:colcon.colcon_core.verb:set package 'ir_launch' build argument 'catkin_cmake_args' from command line to 'None'
[0.296s] Level 5:colcon.colcon_core.verb:set package 'ir_launch' build argument 'catkin_skip_building_tests' from command line to 'False'
[0.296s] DEBUG:colcon.colcon_core.verb:Building package 'ir_launch' with the following arguments: {'ament_cmake_args': None, 'build_base': '/home/michele-zarantonello/my_ws/build/ir_launch', 'catkin_cmake_args': None, 'catkin_skip_building_tests': False, 'cmake_args': None, 'cmake_clean_cache': False, 'cmake_clean_first': False, 'cmake_force_configure': False, 'cmake_target': None, 'cmake_target_skip_unavailable': False, 'install_base': '/home/michele-zarantonello/my_ws/install/ir_launch', 'merge_install': False, 'path': '/home/michele-zarantonello/my_ws/src/ir_2526/ir_launch', 'symlink_install': False, 'test_result_base': None}
[0.296s] Level 5:colcon.colcon_core.verb:set package 'ir_movit_config' build argument 'cmake_args' from command line to 'None'
[0.296s] Level 5:colcon.colcon_core.verb:set package 'ir_movit_config' build argument 'cmake_target' from command line to 'None'
[0.296s] Level 5:colcon.colcon_core.verb:set package 'ir_movit_config' build argument 'cmake_target_skip_unavailable' from command line to 'False'
[0.296s] Level 5:colcon.colcon_core.verb:set package 'ir_movit_config' build argument 'cmake_clean_cache' from command line to 'False'
[0.296s] Level 5:colcon.colcon_core.verb:set package 'ir_movit_config' build argument 'cmake_clean_first' from command line to 'False'
[0.296s] Level 5:colcon.colcon_core.verb:set package 'ir_movit_config' build argument 'cmake_force_configure' from command line to 'False'
[0.296s] Level 5:colcon.colcon_core.verb:set package 'ir_movit_config' build argument 'ament_cmake_args' from command line to 'None'
[0.296s] Level 5:colcon.colcon_core.verb:set package 'ir_movit_config' build argument 'catkin_cmake_args' from command line to 'None'
[0.296s] Level 5:colcon.colcon_core.verb:set package 'ir_movit_config' build argument 'catkin_skip_building_tests' from command line to 'False'
[0.296s] DEBUG:colcon.colcon_core.verb:Building package 'ir_movit_config' with the following arguments: {'ament_cmake_args': None, 'build_base': '/home/michele-zarantonello/my_ws/build/ir_movit_config', 'catkin_cmake_args': None, 'catkin_skip_building_tests': False, 'cmake_args': None, 'cmake_clean_cache': False, 'cmake_clean_first': False, 'cmake_force_configure': False, 'cmake_target': None, 'cmake_target_skip_unavailable': False, 'install_base': '/home/michele-zarantonello/my_ws/install/ir_movit_config', 'merge_install': False, 'path': '/home/michele-zarantonello/my_ws/src/ir_2526/ir_movit_config', 'symlink_install': False, 'test_result_base': None}
[0.296s] INFO:colcon.colcon_core.executor:Executing jobs using 'parallel' executor
[0.297s] DEBUG:colcon.colcon_parallel_executor.executor.parallel:run_until_complete
[0.297s] INFO:colcon.colcon_ros.task.ament_cmake.build:Building ROS package in '/home/michele-zarantonello/my_ws/src/ir_2526/ir_desription' with build type 'ament_cmake'
[0.297s] INFO:colcon.colcon_cmake.task.cmake.build:Building CMake package in '/home/michele-zarantonello/my_ws/src/ir_2526/ir_desription'
[0.299s] INFO:colcon.colcon_core.plugin_system:Skipping extension 'colcon_core.shell.bat': Not used on non-Windows systems
[0.299s] INFO:colcon.colcon_core.shell:Skip shell extension 'powershell' for command environment: Not usable outside of PowerShell
[0.299s] DEBUG:colcon.colcon_core.shell:Skip shell extension 'dsv' for command environment
[0.304s] INFO:colcon.colcon_ros.task.ament_cmake.build:Building ROS package in '/home/michele-zarantonello/my_ws/src/ir_2526/apriltag_ros' with build type 'ament_cmake'
[0.304s] INFO:colcon.colcon_cmake.task.cmake.build:Building CMake package in '/home/michele-zarantonello/my_ws/src/ir_2526/apriltag_ros'
[0.304s] INFO:colcon.colcon_core.shell:Skip shell extension 'powershell' for command environment: Not usable outside of PowerShell
[0.304s] DEBUG:colcon.colcon_core.shell:Skip shell extension 'dsv' for command environment
[0.309s] INFO:colcon.colcon_ros.task.ament_cmake.build:Building ROS package in '/home/michele-zarantonello/my_ws/src/ws_group_32_assignments/group_32_apriltag' with build type 'ament_cmake'
[0.309s] INFO:colcon.colcon_cmake.task.cmake.build:Building CMake package in '/home/michele-zarantonello/my_ws/src/ws_group_32_assignments/group_32_apriltag'
[0.309s] INFO:colcon.colcon_core.shell:Skip shell extension 'powershell' for command environment: Not usable outside of PowerShell
[0.310s] DEBUG:colcon.colcon_core.shell:Skip shell extension 'dsv' for command environment
[0.316s] INFO:colcon.colcon_ros.task.ament_cmake.build:Building ROS package in '/home/michele-zarantonello/my_ws/src/ws_group_32_assignments/group_32_launch' with build type 'ament_cmake'
[0.316s] INFO:colcon.colcon_cmake.task.cmake.build:Building CMake package in '/home/michele-zarantonello/my_ws/src/ws_group_32_assignments/group_32_launch'
[0.316s] INFO:colcon.colcon_core.shell:Skip shell extension 'powershell' for command environment: Not usable outside of PowerShell
[0.316s] DEBUG:colcon.colcon_core.shell:Skip shell extension 'dsv' for command environment
[0.322s] INFO:colcon.colcon_ros.task.ament_cmake.build:Building ROS package in '/home/michele-zarantonello/my_ws/src/ws_group_32_assignments/group_32_navigation' with build type 'ament_cmake'
[0.322s] INFO:colcon.colcon_cmake.task.cmake.build:Building CMake package in '/home/michele-zarantonello/my_ws/src/ws_group_32_assignments/group_32_navigation'
[0.323s] INFO:colcon.colcon_core.shell:Skip shell extension 'powershell' for command environment: Not usable outside of PowerShell
[0.323s] DEBUG:colcon.colcon_core.shell:Skip shell extension 'dsv' for command environment
[0.328s] INFO:colcon.colcon_ros.task.ament_cmake.build:Building ROS package in '/home/michele-zarantonello/my_ws/src/ir_2526/ir_base' with build type 'ament_cmake'
[0.328s] INFO:colcon.colcon_cmake.task.cmake.build:Building CMake package in '/home/michele-zarantonello/my_ws/src/ir_2526/ir_base'
[0.329s] INFO:colcon.colcon_core.shell:Skip shell extension 'powershell' for command environment: Not usable outside of PowerShell
[0.329s] DEBUG:colcon.colcon_core.shell:Skip shell extension 'dsv' for command environment
[0.336s] INFO:colcon.colcon_ros.task.ament_cmake.build:Building ROS package in '/home/michele-zarantonello/my_ws/src/ir_2526/ir_launch' with build type 'ament_cmake'
[0.336s] INFO:colcon.colcon_cmake.task.cmake.build:Building CMake package in '/home/michele-zarantonello/my_ws/src/ir_2526/ir_launch'
[0.337s] INFO:colcon.colcon_core.shell:Skip shell extension 'powershell' for command environment: Not usable outside of PowerShell
[0.337s] DEBUG:colcon.colcon_core.shell:Skip shell extension 'dsv' for command environment
[0.351s] DEBUG:colcon.colcon_core.event_handler.log_command:Invoking command in '/home/michele-zarantonello/my_ws/build/ir_desription': CMAKE_PREFIX_PATH=${CMAKE_PREFIX_PATH}:/opt/ros/jazzy DEBUGINFOD_URLS=https://debuginfod.ubuntu.com /usr/bin/cmake --build /home/michele-zarantonello/my_ws/build/ir_desription -- -j8 -l8
[0.355s] DEBUG:colcon.colcon_core.event_handler.log_command:Invoking command in '/home/michele-zarantonello/my_ws/build/apriltag_ros': CMAKE_PREFIX_PATH=${CMAKE_PREFIX_PATH}:/opt/ros/jazzy DEBUGINFOD_URLS=https://debuginfod.ubuntu.com /usr/bin/cmake --build /home/michele-zarantonello/my_ws/build/apriltag_ros -- -j8 -l8
[0.360s] DEBUG:colcon.colcon_core.event_handler.log_command:Invoking command in '/home/michele-zarantonello/my_ws/build/group_32_apriltag': CMAKE_PREFIX_PATH=${CMAKE_PREFIX_PATH}:/opt/ros/jazzy DEBUGINFOD_URLS=https://debuginfod.ubuntu.com /usr/bin/cmake --build /home/michele-zarantonello/my_ws/build/group_32_apriltag -- -j8 -l8
[0.365s] DEBUG:colcon.colcon_core.event_handler.log_command:Invoking command in '/home/michele-zarantonello/my_ws/build/group_32_launch': CMAKE_PREFIX_PATH=${CMAKE_PREFIX_PATH}:/opt/ros/jazzy DEBUGINFOD_URLS=https://debuginfod.ubuntu.com /usr/bin/cmake --build /home/michele-zarantonello/my_ws/build/group_32_launch -- -j8 -l8
[0.371s] DEBUG:colcon.colcon_core.event_handler.log_command:Invoking command in '/home/michele-zarantonello/my_ws/build/group_32_navigation': CMAKE_PREFIX_PATH=${CMAKE_PREFIX_PATH}:/opt/ros/jazzy DEBUGINFOD_URLS=https://debuginfod.ubuntu.com /usr/bin/cmake --build /home/michele-zarantonello/my_ws/build/group_32_navigation -- -j8 -l8
[0.373s] DEBUG:colcon.colcon_core.event_handler.log_command:Invoking command in '/home/michele-zarantonello/my_ws/build/ir_base': CMAKE_PREFIX_PATH=${CMAKE_PREFIX_PATH}:/opt/ros/jazzy DEBUGINFOD_URLS=https://debuginfod.ubuntu.com /usr/bin/cmake --build /home/michele-zarantonello/my_ws/build/ir_base -- -j8 -l8
[0.386s] DEBUG:colcon.colcon_core.event_handler.log_command:Invoking command in '/home/michele-zarantonello/my_ws/build/ir_launch': CMAKE_PREFIX_PATH=${CMAKE_PREFIX_PATH}:/opt/ros/jazzy DEBUGINFOD_URLS=https://debuginfod.ubuntu.com /usr/bin/cmake --build /home/michele-zarantonello/my_ws/build/ir_launch -- -j8 -l8
[0.431s] DEBUG:colcon.colcon_core.event_handler.log_command:Invoked command in '/home/michele-zarantonello/my_ws/build/ir_desription' returned '0': CMAKE_PREFIX_PATH=${CMAKE_PREFIX_PATH}:/opt/ros/jazzy DEBUGINFOD_URLS=https://debuginfod.ubuntu.com /usr/bin/cmake --build /home/michele-zarantonello/my_ws/build/ir_desription -- -j8 -l8
[0.449s] DEBUG:colcon.colcon_core.event_handler.log_command:Invoking command in '/home/michele-zarantonello/my_ws/build/ir_desription': CMAKE_PREFIX_PATH=${CMAKE_PREFIX_PATH}:/opt/ros/jazzy DEBUGINFOD_URLS=https://debuginfod.ubuntu.com /usr/bin/cmake --install /home/michele-zarantonello/my_ws/build/ir_desription
[0.457s] DEBUG:colcon.colcon_core.event_handler.log_command:Invoked command in '/home/michele-zarantonello/my_ws/build/group_32_launch' returned '0': CMAKE_PREFIX_PATH=${CMAKE_PREFIX_PATH}:/opt/ros/jazzy DEBUGINFOD_URLS=https://debuginfod.ubuntu.com /usr/bin/cmake --build /home/michele-zarantonello/my_ws/build/group_32_launch -- -j8 -l8
[0.457s] DEBUG:colcon.colcon_core.event_handler.log_command:Invoking command in '/home/michele-zarantonello/my_ws/build/group_32_launch': CMAKE_PREFIX_PATH=${CMAKE_PREFIX_PATH}:/opt/ros/jazzy DEBUGINFOD_URLS=https://debuginfod.ubuntu.com /usr/bin/cmake --install /home/michele-zarantonello/my_ws/build/group_32_launch
[0.463s] DEBUG:colcon.colcon_core.event_handler.log_command:Invoked command in '/home/michele-zarantonello/my_ws/build/ir_base' returned '0': CMAKE_PREFIX_PATH=${CMAKE_PREFIX_PATH}:/opt/ros/jazzy DEBUGINFOD_URLS=https://debuginfod.ubuntu.com /usr/bin/cmake --build /home/michele-zarantonello/my_ws/build/ir_base -- -j8 -l8
[0.464s] DEBUG:colcon.colcon_core.event_handler.log_command:Invoking command in '/home/michele-zarantonello/my_ws/build/ir_base': CMAKE_PREFIX_PATH=${CMAKE_PREFIX_PATH}:/opt/ros/jazzy DEBUGINFOD_URLS=https://debuginfod.ubuntu.com /usr/bin/cmake --install /home/michele-zarantonello/my_ws/build/ir_base
[0.480s] DEBUG:colcon.colcon_core.event_handler.log_command:Invoked command in '/home/michele-zarantonello/my_ws/build/ir_launch' returned '0': CMAKE_PREFIX_PATH=${CMAKE_PREFIX_PATH}:/opt/ros/jazzy DEBUGINFOD_URLS=https://debuginfod.ubuntu.com /usr/bin/cmake --build /home/michele-zarantonello/my_ws/build/ir_launch -- -j8 -l8
[0.482s] DEBUG:colcon.colcon_core.event_handler.log_command:Invoking command in '/home/michele-zarantonello/my_ws/build/ir_launch': CMAKE_PREFIX_PATH=${CMAKE_PREFIX_PATH}:/opt/ros/jazzy DEBUGINFOD_URLS=https://debuginfod.ubuntu.com /usr/bin/cmake --install /home/michele-zarantonello/my_ws/build/ir_launch
[0.500s] Level 1:colcon.colcon_core.environment:create_environment_scripts_only(ir_desription)
[0.506s] Level 1:colcon.colcon_core.environment:checking '/home/michele-zarantonello/my_ws/install/ir_desription' for CMake module files
[0.507s] Level 1:colcon.colcon_core.environment:checking '/home/michele-zarantonello/my_ws/install/ir_desription' for CMake config files
[0.507s] Level 1:colcon.colcon_core.shell:create_environment_hook('ir_desription', 'cmake_prefix_path')
[0.508s] INFO:colcon.colcon_core.shell:Creating environment hook '/home/michele-zarantonello/my_ws/install/ir_desription/share/ir_desription/hook/cmake_prefix_path.ps1'
[0.514s] INFO:colcon.colcon_core.shell:Creating environment descriptor '/home/michele-zarantonello/my_ws/install/ir_desription/share/ir_desription/hook/cmake_prefix_path.dsv'
[0.515s] INFO:colcon.colcon_core.shell:Creating environment hook '/home/michele-zarantonello/my_ws/install/ir_desription/share/ir_desription/hook/cmake_prefix_path.sh'
[0.522s] Level 1:colcon.colcon_core.environment:checking '/home/michele-zarantonello/my_ws/install/ir_desription/bin'
[0.522s] Level 1:colcon.colcon_core.environment:checking '/home/michele-zarantonello/my_ws/install/ir_desription/lib/pkgconfig/ir_desription.pc'
[0.522s] Level 1:colcon.colcon_core.environment:checking '/home/michele-zarantonello/my_ws/install/ir_desription/lib/python3.12/site-packages'
[0.524s] Level 1:colcon.colcon_core.environment:checking '/home/michele-zarantonello/my_ws/install/ir_desription/bin'
[0.525s] INFO:colcon.colcon_core.shell:Creating package script '/home/michele-zarantonello/my_ws/install/ir_desription/share/ir_desription/package.ps1'
[0.529s] INFO:colcon.colcon_core.shell:Creating package descriptor '/home/michele-zarantonello/my_ws/install/ir_desription/share/ir_desription/package.dsv'
[0.531s] INFO:colcon.colcon_core.shell:Creating package script '/home/michele-zarantonello/my_ws/install/ir_desription/share/ir_desription/package.sh'
[0.534s] INFO:colcon.colcon_core.shell:Creating package script '/home/michele-zarantonello/my_ws/install/ir_desription/share/ir_desription/package.bash'
[0.536s] INFO:colcon.colcon_core.shell:Creating package script '/home/michele-zarantonello/my_ws/install/ir_desription/share/ir_desription/package.zsh'
[0.538s] Level 1:colcon.colcon_core.environment:create_file_with_runtime_dependencies(/home/michele-zarantonello/my_ws/install/ir_desription/share/colcon-core/packages/ir_desription)
[0.539s] Level 1:colcon.colcon_core.environment:create_environment_scripts_only(ir_desription)
[0.540s] Level 1:colcon.colcon_core.environment:checking '/home/michele-zarantonello/my_ws/install/ir_desription' for CMake module files
[0.540s] Level 1:colcon.colcon_core.environment:checking '/home/michele-zarantonello/my_ws/install/ir_desription' for CMake config files
[0.550s] DEBUG:colcon.colcon_core.event_handler.log_command:Invoked command in '/home/michele-zarantonello/my_ws/build/ir_desription' returned '0': CMAKE_PREFIX_PATH=${CMAKE_PREFIX_PATH}:/opt/ros/jazzy DEBUGINFOD_URLS=https://debuginfod.ubuntu.com /usr/bin/cmake --install /home/michele-zarantonello/my_ws/build/ir_desription
[0.555s] Level 1:colcon.colcon_core.shell:create_environment_hook('ir_desription', 'cmake_prefix_path')
[0.555s] INFO:colcon.colcon_core.shell:Creating environment hook '/home/michele-zarantonello/my_ws/install/ir_desription/share/ir_desription/hook/cmake_prefix_path.ps1'
[0.556s] INFO:colcon.colcon_core.shell:Creating environment descriptor '/home/michele-zarantonello/my_ws/install/ir_desription/share/ir_desription/hook/cmake_prefix_path.dsv'
[0.557s] INFO:colcon.colcon_core.shell:Creating environment hook '/home/michele-zarantonello/my_ws/install/ir_desription/share/ir_desription/hook/cmake_prefix_path.sh'
[0.557s] Level 1:colcon.colcon_core.environment:checking '/home/michele-zarantonello/my_ws/install/ir_desription/bin'
[0.557s] Level 1:colcon.colcon_core.environment:checking '/home/michele-zarantonello/my_ws/install/ir_desription/lib/pkgconfig/ir_desription.pc'
[0.558s] Level 1:colcon.colcon_core.environment:checking '/home/michele-zarantonello/my_ws/install/ir_desription/lib/python3.12/site-packages'
[0.558s] Level 1:colcon.colcon_core.environment:checking '/home/michele-zarantonello/my_ws/install/ir_desription/bin'
[0.559s] INFO:colcon.colcon_core.shell:Creating package script '/home/michele-zarantonello/my_ws/install/ir_desription/share/ir_desription/package.ps1'
[0.559s] INFO:colcon.colcon_core.shell:Creating package descriptor '/home/michele-zarantonello/my_ws/install/ir_desription/share/ir_desription/package.dsv'
[0.560s] INFO:colcon.colcon_core.shell:Creating package script '/home/michele-zarantonello/my_ws/install/ir_desription/share/ir_desription/package.sh'
[0.560s] INFO:colcon.colcon_core.shell:Creating package script '/home/michele-zarantonello/my_ws/install/ir_desription/share/ir_desription/package.bash'
[0.561s] INFO:colcon.colcon_core.shell:Creating package script '/home/michele-zarantonello/my_ws/install/ir_desription/share/ir_desription/package.zsh'
[0.561s] Level 1:colcon.colcon_core.environment:create_file_with_runtime_dependencies(/home/michele-zarantonello/my_ws/install/ir_desription/share/colcon-core/packages/ir_desription)
[0.562s] Level 1:colcon.colcon_core.environment:create_environment_scripts_only(group_32_launch)
[0.562s] Level 1:colcon.colcon_core.environment:checking '/home/michele-zarantonello/my_ws/install/group_32_launch' for CMake module files
[0.563s] Level 1:colcon.colcon_core.environment:checking '/home/michele-zarantonello/my_ws/install/group_32_launch' for CMake config files
[0.563s] DEBUG:colcon.colcon_core.event_handler.log_command:Invoked command in '/home/michele-zarantonello/my_ws/build/group_32_launch' returned '0': CMAKE_PREFIX_PATH=${CMAKE_PREFIX_PATH}:/opt/ros/jazzy DEBUGINFOD_URLS=https://debuginfod.ubuntu.com /usr/bin/cmake --install /home/michele-zarantonello/my_ws/build/group_32_launch
[0.563s] Level 1:colcon.colcon_core.shell:create_environment_hook('group_32_launch', 'cmake_prefix_path')
[0.563s] INFO:colcon.colcon_core.shell:Creating environment hook '/home/michele-zarantonello/my_ws/install/group_32_launch/share/group_32_launch/hook/cmake_prefix_path.ps1'
[0.564s] INFO:colcon.colcon_core.shell:Creating environment descriptor '/home/michele-zarantonello/my_ws/install/group_32_launch/share/group_32_launch/hook/cmake_prefix_path.dsv'
[0.564s] INFO:colcon.colcon_core.shell:Creating environment hook '/home/michele-zarantonello/my_ws/install/group_32_launch/share/group_32_launch/hook/cmake_prefix_path.sh'
[0.565s] Level 1:colcon.colcon_core.environment:checking '/home/michele-zarantonello/my_ws/install/group_32_launch/bin'
[0.565s] Level 1:colcon.colcon_core.environment:checking '/home/michele-zarantonello/my_ws/install/group_32_launch/lib/pkgconfig/group_32_launch.pc'
[0.565s] Level 1:colcon.colcon_core.environment:checking '/home/michele-zarantonello/my_ws/install/group_32_launch/lib/python3.12/site-packages'
[0.565s] Level 1:colcon.colcon_core.environment:checking '/home/michele-zarantonello/my_ws/install/group_32_launch/bin'
[0.565s] INFO:colcon.colcon_core.shell:Creating package script '/home/michele-zarantonello/my_ws/install/group_32_launch/share/group_32_launch/package.ps1'
[0.566s] INFO:colcon.colcon_core.shell:Creating package descriptor '/home/michele-zarantonello/my_ws/install/group_32_launch/share/group_32_launch/package.dsv'
[0.566s] INFO:colcon.colcon_core.shell:Creating package script '/home/michele-zarantonello/my_ws/install/group_32_launch/share/group_32_launch/package.sh'
[0.567s] INFO:colcon.colcon_core.shell:Creating package script '/home/michele-zarantonello/my_ws/install/group_32_launch/share/group_32_launch/package.bash'
[0.567s] INFO:colcon.colcon_core.shell:Creating package script '/home/michele-zarantonello/my_ws/install/group_32_launch/share/group_32_launch/package.zsh'
[0.567s] Level 1:colcon.colcon_core.environment:create_file_with_runtime_dependencies(/home/michele-zarantonello/my_ws/install/group_32_launch/share/colcon-core/packages/group_32_launch)
[0.568s] Level 1:colcon.colcon_core.environment:create_environment_scripts_only(group_32_launch)
[0.568s] Level 1:colcon.colcon_core.environment:checking '/home/michele-zarantonello/my_ws/install/group_32_launch' for CMake module files
[0.569s] Level 1:colcon.colcon_core.environment:checking '/home/michele-zarantonello/my_ws/install/group_32_launch' for CMake config files
[0.569s] Level 1:colcon.colcon_core.shell:create_environment_hook('group_32_launch', 'cmake_prefix_path')
[0.569s] INFO:colcon.colcon_core.shell:Creating environment hook '/home/michele-zarantonello/my_ws/install/group_32_launch/share/group_32_launch/hook/cmake_prefix_path.ps1'
[0.570s] INFO:colcon.colcon_core.shell:Creating environment descriptor '/home/michele-zarantonello/my_ws/install/group_32_launch/share/group_32_launch/hook/cmake_prefix_path.dsv'
[0.570s] INFO:colcon.colcon_core.shell:Creating environment hook '/home/michele-zarantonello/my_ws/install/group_32_launch/share/group_32_launch/hook/cmake_prefix_path.sh'
[0.570s] Level 1:colcon.colcon_core.environment:checking '/home/michele-zarantonello/my_ws/install/group_32_launch/bin'
[0.570s] Level 1:colcon.colcon_core.environment:checking '/home/michele-zarantonello/my_ws/install/group_32_launch/lib/pkgconfig/group_32_launch.pc'
[0.571s] Level 1:colcon.colcon_core.environment:checking '/home/michele-zarantonello/my_ws/install/group_32_launch/lib/python3.12/site-packages'
[0.571s] Level 1:colcon.colcon_core.environment:checking '/home/michele-zarantonello/my_ws/install/group_32_launch/bin'
[0.571s] INFO:colcon.colcon_core.shell:Creating package script '/home/michele-zarantonello/my_ws/install/group_32_launch/share/group_32_launch/package.ps1'
[0.572s] INFO:colcon.colcon_core.shell:Creating package descriptor '/home/michele-zarantonello/my_ws/install/group_32_launch/share/group_32_launch/package.dsv'
[0.572s] INFO:colcon.colcon_core.shell:Creating package script '/home/michele-zarantonello/my_ws/install/group_32_launch/share/group_32_launch/package.sh'
[0.573s] INFO:colcon.colcon_core.shell:Creating package script '/home/michele-zarantonello/my_ws/install/group_32_launch/share/group_32_launch/package.bash'
[0.573s] INFO:colcon.colcon_core.shell:Creating package script '/home/michele-zarantonello/my_ws/install/group_32_launch/share/group_32_launch/package.zsh'
[0.573s] Level 1:colcon.colcon_core.environment:create_file_with_runtime_dependencies(/home/michele-zarantonello/my_ws/install/group_32_launch/share/colcon-core/packages/group_32_launch)
[0.574s] INFO:colcon.colcon_ros.task.ament_cmake.build:Building ROS package in '/home/michele-zarantonello/my_ws/src/ir_2526/ir_movit_config' with build type 'ament_cmake'
[0.574s] INFO:colcon.colcon_cmake.task.cmake.build:Building CMake package in '/home/michele-zarantonello/my_ws/src/ir_2526/ir_movit_config'
[0.574s] INFO:colcon.colcon_core.shell:Skip shell extension 'powershell' for command environment: Not usable outside of PowerShell
[0.574s] DEBUG:colcon.colcon_core.shell:Skip shell extension 'dsv' for command environment
[0.584s] Level 1:colcon.colcon_core.environment:create_environment_scripts_only(ir_base)
[0.584s] Level 1:colcon.colcon_core.environment:checking '/home/michele-zarantonello/my_ws/install/ir_base' for CMake module files
[0.585s] DEBUG:colcon.colcon_core.event_handler.log_command:Invoked command in '/home/michele-zarantonello/my_ws/build/ir_base' returned '0': CMAKE_PREFIX_PATH=${CMAKE_PREFIX_PATH}:/opt/ros/jazzy DEBUGINFOD_URLS=https://debuginfod.ubuntu.com /usr/bin/cmake --install /home/michele-zarantonello/my_ws/build/ir_base
[0.586s] Level 1:colcon.colcon_core.environment:checking '/home/michele-zarantonello/my_ws/install/ir_base' for CMake config files
[0.586s] Level 1:colcon.colcon_core.shell:create_environment_hook('ir_base', 'cmake_prefix_path')
[0.586s] INFO:colcon.colcon_core.shell:Creating environment hook '/home/michele-zarantonello/my_ws/install/ir_base/share/ir_base/hook/cmake_prefix_path.ps1'
[0.587s] INFO:colcon.colcon_core.shell:Creating environment descriptor '/home/michele-zarantonello/my_ws/install/ir_base/share/ir_base/hook/cmake_prefix_path.dsv'
[0.587s] INFO:colcon.colcon_core.shell:Creating environment hook '/home/michele-zarantonello/my_ws/install/ir_base/share/ir_base/hook/cmake_prefix_path.sh'
[0.588s] Level 1:colcon.colcon_core.environment:checking '/home/michele-zarantonello/my_ws/install/ir_base/bin'
[0.588s] Level 1:colcon.colcon_core.environment:checking '/home/michele-zarantonello/my_ws/install/ir_base/lib/pkgconfig/ir_base.pc'
[0.588s] Level 1:colcon.colcon_core.environment:checking '/home/michele-zarantonello/my_ws/install/ir_base/lib/python3.12/site-packages'
[0.588s] Level 1:colcon.colcon_core.environment:checking '/home/michele-zarantonello/my_ws/install/ir_base/bin'
[0.588s] INFO:colcon.colcon_core.shell:Creating package script '/home/michele-zarantonello/my_ws/install/ir_base/share/ir_base/package.ps1'
[0.589s] INFO:colcon.colcon_core.shell:Creating package descriptor '/home/michele-zarantonello/my_ws/install/ir_base/share/ir_base/package.dsv'
[0.590s] INFO:colcon.colcon_core.shell:Creating package script '/home/michele-zarantonello/my_ws/install/ir_base/share/ir_base/package.sh'
[0.590s] INFO:colcon.colcon_core.shell:Creating package script '/home/michele-zarantonello/my_ws/install/ir_base/share/ir_base/package.bash'
[0.591s] INFO:colcon.colcon_core.shell:Creating package script '/home/michele-zarantonello/my_ws/install/ir_base/share/ir_base/package.zsh'
[0.591s] Level 1:colcon.colcon_core.environment:create_file_with_runtime_dependencies(/home/michele-zarantonello/my_ws/install/ir_base/share/colcon-core/packages/ir_base)
[0.591s] Level 1:colcon.colcon_core.environment:create_environment_scripts_only(ir_base)
[0.592s] Level 1:colcon.colcon_core.environment:checking '/home/michele-zarantonello/my_ws/install/ir_base' for CMake module files
[0.592s] Level 1:colcon.colcon_core.environment:checking '/home/michele-zarantonello/my_ws/install/ir_base' for CMake config files
[0.592s] Level 1:colcon.colcon_core.shell:create_environment_hook('ir_base', 'cmake_prefix_path')
[0.593s] INFO:colcon.colcon_core.shell:Creating environment hook '/home/michele-zarantonello/my_ws/install/ir_base/share/ir_base/hook/cmake_prefix_path.ps1'
[0.593s] INFO:colcon.colcon_core.shell:Creating environment descriptor '/home/michele-zarantonello/my_ws/install/ir_base/share/ir_base/hook/cmake_prefix_path.dsv'
[0.594s] INFO:colcon.colcon_core.shell:Creating environment hook '/home/michele-zarantonello/my_ws/install/ir_base/share/ir_base/hook/cmake_prefix_path.sh'
[0.595s] Level 1:colcon.colcon_core.environment:checking '/home/michele-zarantonello/my_ws/install/ir_base/bin'
[0.595s] Level 1:colcon.colcon_core.environment:checking '/home/michele-zarantonello/my_ws/install/ir_base/lib/pkgconfig/ir_base.pc'
[0.596s] Level 1:colcon.colcon_core.environment:checking '/home/michele-zarantonello/my_ws/install/ir_base/lib/python3.12/site-packages'
[0.596s] Level 1:colcon.colcon_core.environment:checking '/home/michele-zarantonello/my_ws/install/ir_base/bin'
[0.597s] INFO:colcon.colcon_core.shell:Creating package script '/home/michele-zarantonello/my_ws/install/ir_base/share/ir_base/package.ps1'
[0.599s] INFO:colcon.colcon_core.shell:Creating package descriptor '/home/michele-zarantonello/my_ws/install/ir_base/share/ir_base/package.dsv'
[0.600s] INFO:colcon.colcon_core.shell:Creating package script '/home/michele-zarantonello/my_ws/install/ir_base/share/ir_base/package.sh'
[0.602s] INFO:colcon.colcon_core.shell:Creating package script '/home/michele-zarantonello/my_ws/install/ir_base/share/ir_base/package.bash'
[0.603s] INFO:colcon.colcon_core.shell:Creating package script '/home/michele-zarantonello/my_ws/install/ir_base/share/ir_base/package.zsh'
[0.603s] Level 1:colcon.colcon_core.environment:create_file_with_runtime_dependencies(/home/michele-zarantonello/my_ws/install/ir_base/share/colcon-core/packages/ir_base)
[0.604s] Level 1:colcon.colcon_core.environment:create_environment_scripts_only(ir_launch)
[0.604s] Level 1:colcon.colcon_core.environment:checking '/home/michele-zarantonello/my_ws/install/ir_launch' for CMake module files
[0.606s] Level 1:colcon.colcon_core.environment:checking '/home/michele-zarantonello/my_ws/install/ir_launch' for CMake config files
[0.607s] DEBUG:colcon.colcon_core.event_handler.log_command:Invoked command in '/home/michele-zarantonello/my_ws/build/ir_launch' returned '0': CMAKE_PREFIX_PATH=${CMAKE_PREFIX_PATH}:/opt/ros/jazzy DEBUGINFOD_URLS=https://debuginfod.ubuntu.com /usr/bin/cmake --install /home/michele-zarantonello/my_ws/build/ir_launch
[0.607s] Level 1:colcon.colcon_core.shell:create_environment_hook('ir_launch', 'cmake_prefix_path')
[0.608s] INFO:colcon.colcon_core.shell:Creating environment hook '/home/michele-zarantonello/my_ws/install/ir_launch/share/ir_launch/hook/cmake_prefix_path.ps1'
[0.609s] INFO:colcon.colcon_core.shell:Creating environment descriptor '/home/michele-zarantonello/my_ws/install/ir_launch/share/ir_launch/hook/cmake_prefix_path.dsv'
[0.609s] INFO:colcon.colcon_core.shell:Creating environment hook '/home/michele-zarantonello/my_ws/install/ir_launch/share/ir_launch/hook/cmake_prefix_path.sh'
[0.610s] Level 1:colcon.colcon_core.environment:checking '/home/michele-zarantonello/my_ws/install/ir_launch/bin'
[0.610s] Level 1:colcon.colcon_core.environment:checking '/home/michele-zarantonello/my_ws/install/ir_launch/lib/pkgconfig/ir_launch.pc'
[0.610s] Level 1:colcon.colcon_core.environment:checking '/home/michele-zarantonello/my_ws/install/ir_launch/lib/python3.12/site-packages'
[0.610s] Level 1:colcon.colcon_core.environment:checking '/home/michele-zarantonello/my_ws/install/ir_launch/bin'
[0.610s] INFO:colcon.colcon_core.shell:Creating package script '/home/michele-zarantonello/my_ws/install/ir_launch/share/ir_launch/package.ps1'
[0.611s] INFO:colcon.colcon_core.shell:Creating package descriptor '/home/michele-zarantonello/my_ws/install/ir_launch/share/ir_launch/package.dsv'
[0.611s] INFO:colcon.colcon_core.shell:Creating package script '/home/michele-zarantonello/my_ws/install/ir_launch/share/ir_launch/package.sh'
[0.612s] INFO:colcon.colcon_core.shell:Creating package script '/home/michele-zarantonello/my_ws/install/ir_launch/share/ir_launch/package.bash'
[0.613s] INFO:colcon.colcon_core.shell:Creating package script '/home/michele-zarantonello/my_ws/install/ir_launch/share/ir_launch/package.zsh'
[0.613s] Level 1:colcon.colcon_core.environment:create_file_with_runtime_dependencies(/home/michele-zarantonello/my_ws/install/ir_launch/share/colcon-core/packages/ir_launch)
[0.614s] Level 1:colcon.colcon_core.environment:create_environment_scripts_only(ir_launch)
[0.614s] Level 1:colcon.colcon_core.environment:checking '/home/michele-zarantonello/my_ws/install/ir_launch' for CMake module files
[0.615s] Level 1:colcon.colcon_core.environment:checking '/home/michele-zarantonello/my_ws/install/ir_launch' for CMake config files
[0.615s] Level 1:colcon.colcon_core.shell:create_environment_hook('ir_launch', 'cmake_prefix_path')
[0.615s] INFO:colcon.colcon_core.shell:Creating environment hook '/home/michele-zarantonello/my_ws/install/ir_launch/share/ir_launch/hook/cmake_prefix_path.ps1'
[0.615s] INFO:colcon.colcon_core.shell:Creating environment descriptor '/home/michele-zarantonello/my_ws/install/ir_launch/share/ir_launch/hook/cmake_prefix_path.dsv'
[0.616s] INFO:colcon.colcon_core.shell:Creating environment hook '/home/michele-zarantonello/my_ws/install/ir_launch/share/ir_launch/hook/cmake_prefix_path.sh'
[0.616s] Level 1:colcon.colcon_core.environment:checking '/home/michele-zarantonello/my_ws/install/ir_launch/bin'
[0.616s] Level 1:colcon.colcon_core.environment:checking '/home/michele-zarantonello/my_ws/install/ir_launch/lib/pkgconfig/ir_launch.pc'
[0.617s] Level 1:colcon.colcon_core.environment:checking '/home/michele-zarantonello/my_ws/install/ir_launch/lib/python3.12/site-packages'
[0.617s] Level 1:colcon.colcon_core.environment:checking '/home/michele-zarantonello/my_ws/install/ir_launch/bin'
[0.617s] INFO:colcon.colcon_core.shell:Creating package script '/home/michele-zarantonello/my_ws/install/ir_launch/share/ir_launch/package.ps1'
[0.618s] INFO:colcon.colcon_core.shell:Creating package descriptor '/home/michele-zarantonello/my_ws/install/ir_launch/share/ir_launch/package.dsv'
[0.619s] INFO:colcon.colcon_core.shell:Creating package script '/home/michele-zarantonello/my_ws/install/ir_launch/share/ir_launch/package.sh'
[0.620s] INFO:colcon.colcon_core.shell:Creating package script '/home/michele-zarantonello/my_ws/install/ir_launch/share/ir_launch/package.bash'
[0.620s] INFO:colcon.colcon_core.shell:Creating package script '/home/michele-zarantonello/my_ws/install/ir_launch/share/ir_launch/package.zsh'
[0.621s] Level 1:colcon.colcon_core.environment:create_file_with_runtime_dependencies(/home/michele-zarantonello/my_ws/install/ir_launch/share/colcon-core/packages/ir_launch)
[0.623s] DEBUG:colcon.colcon_core.event_handler.log_command:Invoked command in '/home/michele-zarantonello/my_ws/build/group_32_navigation' returned '0': CMAKE_PREFIX_PATH=${CMAKE_PREFIX_PATH}:/opt/ros/jazzy DEBUGINFOD_URLS=https://debuginfod.ubuntu.com /usr/bin/cmake --build /home/michele-zarantonello/my_ws/build/group_32_navigation -- -j8 -l8
[0.623s] DEBUG:colcon.colcon_core.event_handler.log_command:Invoking command in '/home/michele-zarantonello/my_ws/build/group_32_navigation': CMAKE_PREFIX_PATH=${CMAKE_PREFIX_PATH}:/opt/ros/jazzy DEBUGINFOD_URLS=https://debuginfod.ubuntu.com /usr/bin/cmake --install /home/michele-zarantonello/my_ws/build/group_32_navigation
[0.629s] DEBUG:colcon.colcon_core.event_handler.log_command:Invoking command in '/home/michele-zarantonello/my_ws/build/ir_movit_config': CMAKE_PREFIX_PATH=/home/michele-zarantonello/my_ws/install/ir_desription:/home/michele-zarantonello/my_ws/install/my_navigation:/home/michele-zarantonello/my_ws/install/my_launch:/home/michele-zarantonello/my_ws/install/my_apriltag:/home/michele-zarantonello/my_ws/install/ir_movit_config:/home/michele-zarantonello/my_ws/install/ir_launch:/home/michele-zarantonello/my_ws/install/ir_base:/home/michele-zarantonello/my_ws/install/group_32_navigation:/home/michele-zarantonello/my_ws/install/group_32_launch:/home/michele-zarantonello/my_ws/install/group_32_apriltag:/home/michele-zarantonello/my_ws/install/assignment_1:/home/michele-zarantonello/my_ws/install/apriltag_ros:/opt/ros/jazzy/opt/gz_sim_vendor:/opt/ros/jazzy/opt/gz_sensors_vendor:/opt/ros/jazzy/opt/gz_physics_vendor:/opt/ros/jazzy/opt/sdformat_vendor:/opt/ros/jazzy/opt/gz_gui_vendor:/opt/ros/jazzy/opt/gz_transport_vendor:/opt/ros/jazzy/opt/gz_rendering_vendor:/opt/ros/jazzy/opt/gz_plugin_vendor:/opt/ros/jazzy/opt/gz_fuel_tools_vendor:/opt/ros/jazzy/opt/gz_msgs_vendor:/opt/ros/jazzy/opt/gz_common_vendor:/opt/ros/jazzy/opt/gz_math_vendor:/opt/ros/jazzy/opt/gz_utils_vendor:/opt/ros/jazzy/opt/gz_tools_vendor:/opt/ros/jazzy/opt/gz_ogre_next_vendor:/opt/ros/jazzy/opt/gz_dartsim_vendor:/opt/ros/jazzy/opt/gz_cmake_vendor:/opt/ros/jazzy DEBUGINFOD_URLS=https://debuginfod.ubuntu.com /usr/bin/cmake --build /home/michele-zarantonello/my_ws/build/ir_movit_config -- -j8 -l8
[0.631s] DEBUG:colcon.colcon_core.event_handler.log_command:Invoked command in '/home/michele-zarantonello/my_ws/build/apriltag_ros' returned '0': CMAKE_PREFIX_PATH=${CMAKE_PREFIX_PATH}:/opt/ros/jazzy DEBUGINFOD_URLS=https://debuginfod.ubuntu.com /usr/bin/cmake --build /home/michele-zarantonello/my_ws/build/apriltag_ros -- -j8 -l8
[0.633s] DEBUG:colcon.colcon_core.event_handler.log_command:Invoking command in '/home/michele-zarantonello/my_ws/build/apriltag_ros': CMAKE_PREFIX_PATH=${CMAKE_PREFIX_PATH}:/opt/ros/jazzy DEBUGINFOD_URLS=https://debuginfod.ubuntu.com /usr/bin/cmake --install /home/michele-zarantonello/my_ws/build/apriltag_ros
[0.633s] DEBUG:colcon.colcon_core.event_handler.log_command:Invoked command in '/home/michele-zarantonello/my_ws/build/group_32_apriltag' returned '0': CMAKE_PREFIX_PATH=${CMAKE_PREFIX_PATH}:/opt/ros/jazzy DEBUGINFOD_URLS=https://debuginfod.ubuntu.com /usr/bin/cmake --build /home/michele-zarantonello/my_ws/build/group_32_apriltag -- -j8 -l8
[0.636s] DEBUG:colcon.colcon_core.event_handler.log_command:Invoking command in '/home/michele-zarantonello/my_ws/build/group_32_apriltag': CMAKE_PREFIX_PATH=${CMAKE_PREFIX_PATH}:/opt/ros/jazzy DEBUGINFOD_URLS=https://debuginfod.ubuntu.com /usr/bin/cmake --install /home/michele-zarantonello/my_ws/build/group_32_apriltag
[0.643s] Level 1:colcon.colcon_core.environment:create_environment_scripts_only(group_32_navigation)
[0.643s] Level 1:colcon.colcon_core.environment:checking '/home/michele-zarantonello/my_ws/install/group_32_navigation' for CMake module files
[0.644s] Level 1:colcon.colcon_core.environment:checking '/home/michele-zarantonello/my_ws/install/group_32_navigation' for CMake config files
[0.645s] Level 1:colcon.colcon_core.shell:create_environment_hook('group_32_navigation', 'cmake_prefix_path')
[0.645s] INFO:colcon.colcon_core.shell:Creating environment hook '/home/michele-zarantonello/my_ws/install/group_32_navigation/share/group_32_navigation/hook/cmake_prefix_path.ps1'
[0.646s] INFO:colcon.colcon_core.shell:Creating environment descriptor '/home/michele-zarantonello/my_ws/install/group_32_navigation/share/group_32_navigation/hook/cmake_prefix_path.dsv'
[0.647s] DEBUG:colcon.colcon_core.event_handler.log_command:Invoked command in '/home/michele-zarantonello/my_ws/build/group_32_navigation' returned '0': CMAKE_PREFIX_PATH=${CMAKE_PREFIX_PATH}:/opt/ros/jazzy DEBUGINFOD_URLS=https://debuginfod.ubuntu.com /usr/bin/cmake --install /home/michele-zarantonello/my_ws/build/group_32_navigation
[0.648s] INFO:colcon.colcon_core.shell:Creating environment hook '/home/michele-zarantonello/my_ws/install/group_32_navigation/share/group_32_navigation/hook/cmake_prefix_path.sh'
[0.654s] Level 1:colcon.colcon_core.environment:checking '/home/michele-zarantonello/my_ws/install/group_32_navigation/lib'
[0.654s] Level 1:colcon.colcon_core.environment:checking '/home/michele-zarantonello/my_ws/install/group_32_navigation/bin'
[0.655s] Level 1:colcon.colcon_core.environment:checking '/home/michele-zarantonello/my_ws/install/group_32_navigation/lib/pkgconfig/group_32_navigation.pc'
[0.656s] Level 1:colcon.colcon_core.environment:checking '/home/michele-zarantonello/my_ws/install/group_32_navigation/lib/python3.12/site-packages'
[0.656s] Level 1:colcon.colcon_core.environment:checking '/home/michele-zarantonello/my_ws/install/group_32_navigation/bin'
[0.657s] INFO:colcon.colcon_core.shell:Creating package script '/home/michele-zarantonello/my_ws/install/group_32_navigation/share/group_32_navigation/package.ps1'
[0.659s] INFO:colcon.colcon_core.shell:Creating package descriptor '/home/michele-zarantonello/my_ws/install/group_32_navigation/share/group_32_navigation/package.dsv'
[0.661s] INFO:colcon.colcon_core.shell:Creating package script '/home/michele-zarantonello/my_ws/install/group_32_navigation/share/group_32_navigation/package.sh'
[0.663s] INFO:colcon.colcon_core.shell:Creating package script '/home/michele-zarantonello/my_ws/install/group_32_navigation/share/group_32_navigation/package.bash'
[0.665s] INFO:colcon.colcon_core.shell:Creating package script '/home/michele-zarantonello/my_ws/install/group_32_navigation/share/group_32_navigation/package.zsh'
[0.665s] Level 1:colcon.colcon_core.environment:create_file_with_runtime_dependencies(/home/michele-zarantonello/my_ws/install/group_32_navigation/share/colcon-core/packages/group_32_navigation)
[0.666s] Level 1:colcon.colcon_core.environment:create_environment_scripts_only(group_32_navigation)
[0.666s] Level 1:colcon.colcon_core.environment:checking '/home/michele-zarantonello/my_ws/install/group_32_navigation' for CMake module files
[0.667s] Level 1:colcon.colcon_core.environment:checking '/home/michele-zarantonello/my_ws/install/group_32_navigation' for CMake config files
[0.667s] Level 1:colcon.colcon_core.shell:create_environment_hook('group_32_navigation', 'cmake_prefix_path')
[0.667s] INFO:colcon.colcon_core.shell:Creating environment hook '/home/michele-zarantonello/my_ws/install/group_32_navigation/share/group_32_navigation/hook/cmake_prefix_path.ps1'
[0.667s] INFO:colcon.colcon_core.shell:Creating environment descriptor '/home/michele-zarantonello/my_ws/install/group_32_navigation/share/group_32_navigation/hook/cmake_prefix_path.dsv'
[0.668s] INFO:colcon.colcon_core.shell:Creating environment hook '/home/michele-zarantonello/my_ws/install/group_32_navigation/share/group_32_navigation/hook/cmake_prefix_path.sh'
[0.668s] Level 1:colcon.colcon_core.environment:checking '/home/michele-zarantonello/my_ws/install/group_32_navigation/lib'
[0.668s] Level 1:colcon.colcon_core.environment:checking '/home/michele-zarantonello/my_ws/install/group_32_navigation/bin'
[0.668s] Level 1:colcon.colcon_core.environment:checking '/home/michele-zarantonello/my_ws/install/group_32_navigation/lib/pkgconfig/group_32_navigation.pc'
[0.669s] Level 1:colcon.colcon_core.environment:checking '/home/michele-zarantonello/my_ws/install/group_32_navigation/lib/python3.12/site-packages'
[0.669s] Level 1:colcon.colcon_core.environment:checking '/home/michele-zarantonello/my_ws/install/group_32_navigation/bin'
[0.669s] INFO:colcon.colcon_core.shell:Creating package script '/home/michele-zarantonello/my_ws/install/group_32_navigation/share/group_32_navigation/package.ps1'
[0.671s] INFO:colcon.colcon_core.shell:Creating package descriptor '/home/michele-zarantonello/my_ws/install/group_32_navigation/share/group_32_navigation/package.dsv'
[0.672s] INFO:colcon.colcon_core.shell:Creating package script '/home/michele-zarantonello/my_ws/install/group_32_navigation/share/group_32_navigation/package.sh'
[0.673s] INFO:colcon.colcon_core.shell:Creating package script '/home/michele-zarantonello/my_ws/install/group_32_navigation/share/group_32_navigation/package.bash'
[0.673s] INFO:colcon.colcon_core.shell:Creating package script '/home/michele-zarantonello/my_ws/install/group_32_navigation/share/group_32_navigation/package.zsh'
[0.674s] Level 1:colcon.colcon_core.environment:create_file_with_runtime_dependencies(/home/michele-zarantonello/my_ws/install/group_32_navigation/share/colcon-core/packages/group_32_navigation)
[0.676s] Level 1:colcon.colcon_core.environment:create_environment_scripts_only(apriltag_ros)
[0.676s] Level 1:colcon.colcon_core.environment:checking '/home/michele-zarantonello/my_ws/install/apriltag_ros' for CMake module files
[0.677s] DEBUG:colcon.colcon_core.event_handler.log_command:Invoked command in '/home/michele-zarantonello/my_ws/build/apriltag_ros' returned '0': CMAKE_PREFIX_PATH=${CMAKE_PREFIX_PATH}:/opt/ros/jazzy DEBUGINFOD_URLS=https://debuginfod.ubuntu.com /usr/bin/cmake --install /home/michele-zarantonello/my_ws/build/apriltag_ros
[0.677s] Level 1:colcon.colcon_core.environment:checking '/home/michele-zarantonello/my_ws/install/apriltag_ros' for CMake config files
[0.677s] Level 1:colcon.colcon_core.shell:create_environment_hook('apriltag_ros', 'cmake_prefix_path')
[0.677s] INFO:colcon.colcon_core.shell:Creating environment hook '/home/michele-zarantonello/my_ws/install/apriltag_ros/share/apriltag_ros/hook/cmake_prefix_path.ps1'
[0.678s] INFO:colcon.colcon_core.shell:Creating environment descriptor '/home/michele-zarantonello/my_ws/install/apriltag_ros/share/apriltag_ros/hook/cmake_prefix_path.dsv'
[0.678s] INFO:colcon.colcon_core.shell:Creating environment hook '/home/michele-zarantonello/my_ws/install/apriltag_ros/share/apriltag_ros/hook/cmake_prefix_path.sh'
[0.679s] Level 1:colcon.colcon_core.environment:checking '/home/michele-zarantonello/my_ws/install/apriltag_ros/lib'
[0.679s] Level 1:colcon.colcon_core.shell:create_environment_hook('apriltag_ros', 'ld_library_path_lib')
[0.679s] INFO:colcon.colcon_core.shell:Creating environment hook '/home/michele-zarantonello/my_ws/install/apriltag_ros/share/apriltag_ros/hook/ld_library_path_lib.ps1'
[0.679s] INFO:colcon.colcon_core.shell:Creating environment descriptor '/home/michele-zarantonello/my_ws/install/apriltag_ros/share/apriltag_ros/hook/ld_library_path_lib.dsv'
[0.680s] INFO:colcon.colcon_core.shell:Creating environment hook '/home/michele-zarantonello/my_ws/install/apriltag_ros/share/apriltag_ros/hook/ld_library_path_lib.sh'
[0.680s] Level 1:colcon.colcon_core.environment:checking '/home/michele-zarantonello/my_ws/install/apriltag_ros/bin'
[0.680s] Level 1:colcon.colcon_core.environment:checking '/home/michele-zarantonello/my_ws/install/apriltag_ros/lib/pkgconfig/apriltag_ros.pc'
[0.681s] Level 1:colcon.colcon_core.environment:checking '/home/michele-zarantonello/my_ws/install/apriltag_ros/lib/python3.12/site-packages'
[0.681s] Level 1:colcon.colcon_core.environment:checking '/home/michele-zarantonello/my_ws/install/apriltag_ros/bin'
[0.681s] INFO:colcon.colcon_core.shell:Creating package script '/home/michele-zarantonello/my_ws/install/apriltag_ros/share/apriltag_ros/package.ps1'
[0.682s] INFO:colcon.colcon_core.shell:Creating package descriptor '/home/michele-zarantonello/my_ws/install/apriltag_ros/share/apriltag_ros/package.dsv'
[0.683s] INFO:colcon.colcon_core.shell:Creating package script '/home/michele-zarantonello/my_ws/install/apriltag_ros/share/apriltag_ros/package.sh'
[0.683s] INFO:colcon.colcon_core.shell:Creating package script '/home/michele-zarantonello/my_ws/install/apriltag_ros/share/apriltag_ros/package.bash'
[0.684s] INFO:colcon.colcon_core.shell:Creating package script '/home/michele-zarantonello/my_ws/install/apriltag_ros/share/apriltag_ros/package.zsh'
[0.684s] Level 1:colcon.colcon_core.environment:create_file_with_runtime_dependencies(/home/michele-zarantonello/my_ws/install/apriltag_ros/share/colcon-core/packages/apriltag_ros)
[0.685s] Level 1:colcon.colcon_core.environment:create_environment_scripts_only(apriltag_ros)
[0.685s] Level 1:colcon.colcon_core.environment:checking '/home/michele-zarantonello/my_ws/install/apriltag_ros' for CMake module files
[0.686s] Level 1:colcon.colcon_core.environment:checking '/home/michele-zarantonello/my_ws/install/apriltag_ros' for CMake config files
[0.686s] Level 1:colcon.colcon_core.shell:create_environment_hook('apriltag_ros', 'cmake_prefix_path')
[0.686s] INFO:colcon.colcon_core.shell:Creating environment hook '/home/michele-zarantonello/my_ws/install/apriltag_ros/share/apriltag_ros/hook/cmake_prefix_path.ps1'
[0.687s] INFO:colcon.colcon_core.shell:Creating environment descriptor '/home/michele-zarantonello/my_ws/install/apriltag_ros/share/apriltag_ros/hook/cmake_prefix_path.dsv'
[0.687s] INFO:colcon.colcon_core.shell:Creating environment hook '/home/michele-zarantonello/my_ws/install/apriltag_ros/share/apriltag_ros/hook/cmake_prefix_path.sh'
[0.688s] Level 1:colcon.colcon_core.environment:checking '/home/michele-zarantonello/my_ws/install/apriltag_ros/lib'
[0.688s] Level 1:colcon.colcon_core.shell:create_environment_hook('apriltag_ros', 'ld_library_path_lib')
[0.688s] INFO:colcon.colcon_core.shell:Creating environment hook '/home/michele-zarantonello/my_ws/install/apriltag_ros/share/apriltag_ros/hook/ld_library_path_lib.ps1'
[0.688s] INFO:colcon.colcon_core.shell:Creating environment descriptor '/home/michele-zarantonello/my_ws/install/apriltag_ros/share/apriltag_ros/hook/ld_library_path_lib.dsv'
[0.689s] INFO:colcon.colcon_core.shell:Creating environment hook '/home/michele-zarantonello/my_ws/install/apriltag_ros/share/apriltag_ros/hook/ld_library_path_lib.sh'
[0.689s] Level 1:colcon.colcon_core.environment:checking '/home/michele-zarantonello/my_ws/install/apriltag_ros/bin'
[0.689s] Level 1:colcon.colcon_core.environment:checking '/home/michele-zarantonello/my_ws/install/apriltag_ros/lib/pkgconfig/apriltag_ros.pc'
[0.690s] Level 1:colcon.colcon_core.environment:checking '/home/michele-zarantonello/my_ws/install/apriltag_ros/lib/python3.12/site-packages'
[0.690s] Level 1:colcon.colcon_core.environment:checking '/home/michele-zarantonello/my_ws/install/apriltag_ros/bin'
[0.690s] INFO:colcon.colcon_core.shell:Creating package script '/home/michele-zarantonello/my_ws/install/apriltag_ros/share/apriltag_ros/package.ps1'
[0.691s] INFO:colcon.colcon_core.shell:Creating package descriptor '/home/michele-zarantonello/my_ws/install/apriltag_ros/share/apriltag_ros/package.dsv'
[0.692s] INFO:colcon.colcon_core.shell:Creating package script '/home/michele-zarantonello/my_ws/install/apriltag_ros/share/apriltag_ros/package.sh'
[0.692s] INFO:colcon.colcon_core.shell:Creating package script '/home/michele-zarantonello/my_ws/install/apriltag_ros/share/apriltag_ros/package.bash'
[0.693s] INFO:colcon.colcon_core.shell:Creating package script '/home/michele-zarantonello/my_ws/install/apriltag_ros/share/apriltag_ros/package.zsh'
[0.693s] Level 1:colcon.colcon_core.environment:create_file_with_runtime_dependencies(/home/michele-zarantonello/my_ws/install/apriltag_ros/share/colcon-core/packages/apriltag_ros)
[0.694s] Level 1:colcon.colcon_core.environment:create_environment_scripts_only(group_32_apriltag)
[0.695s] Level 1:colcon.colcon_core.environment:checking '/home/michele-zarantonello/my_ws/install/group_32_apriltag' for CMake module files
[0.696s] DEBUG:colcon.colcon_core.event_handler.log_command:Invoked command in '/home/michele-zarantonello/my_ws/build/group_32_apriltag' returned '0': CMAKE_PREFIX_PATH=${CMAKE_PREFIX_PATH}:/opt/ros/jazzy DEBUGINFOD_URLS=https://debuginfod.ubuntu.com /usr/bin/cmake --install /home/michele-zarantonello/my_ws/build/group_32_apriltag
[0.696s] Level 1:colcon.colcon_core.environment:checking '/home/michele-zarantonello/my_ws/install/group_32_apriltag' for CMake config files
[0.697s] Level 1:colcon.colcon_core.shell:create_environment_hook('group_32_apriltag', 'cmake_prefix_path')
[0.697s] INFO:colcon.colcon_core.shell:Creating environment hook '/home/michele-zarantonello/my_ws/install/group_32_apriltag/share/group_32_apriltag/hook/cmake_prefix_path.ps1'
[0.698s] INFO:colcon.colcon_core.shell:Creating environment descriptor '/home/michele-zarantonello/my_ws/install/group_32_apriltag/share/group_32_apriltag/hook/cmake_prefix_path.dsv'
[0.698s] INFO:colcon.colcon_core.shell:Creating environment hook '/home/michele-zarantonello/my_ws/install/group_32_apriltag/share/group_32_apriltag/hook/cmake_prefix_path.sh'
[0.699s] Level 1:colcon.colcon_core.environment:checking '/home/michele-zarantonello/my_ws/install/group_32_apriltag/lib'
[0.699s] Level 1:colcon.colcon_core.shell:create_environment_hook('group_32_apriltag', 'ld_library_path_lib')
[0.700s] INFO:colcon.colcon_core.shell:Creating environment hook '/home/michele-zarantonello/my_ws/install/group_32_apriltag/share/group_32_apriltag/hook/ld_library_path_lib.ps1'
[0.700s] INFO:colcon.colcon_core.shell:Creating environment descriptor '/home/michele-zarantonello/my_ws/install/group_32_apriltag/share/group_32_apriltag/hook/ld_library_path_lib.dsv'
[0.701s] INFO:colcon.colcon_core.shell:Creating environment hook '/home/michele-zarantonello/my_ws/install/group_32_apriltag/share/group_32_apriltag/hook/ld_library_path_lib.sh'
[0.702s] Level 1:colcon.colcon_core.environment:checking '/home/michele-zarantonello/my_ws/install/group_32_apriltag/bin'
[0.702s] Level 1:colcon.colcon_core.environment:checking '/home/michele-zarantonello/my_ws/install/group_32_apriltag/lib/pkgconfig/group_32_apriltag.pc'
[0.703s] Level 1:colcon.colcon_core.environment:checking '/home/michele-zarantonello/my_ws/install/group_32_apriltag/lib/python3.12/site-packages'
[0.703s] Level 1:colcon.colcon_core.environment:checking '/home/michele-zarantonello/my_ws/install/group_32_apriltag/bin'
[0.704s] INFO:colcon.colcon_core.shell:Creating package script '/home/michele-zarantonello/my_ws/install/group_32_apriltag/share/group_32_apriltag/package.ps1'
[0.705s] INFO:colcon.colcon_core.shell:Creating package descriptor '/home/michele-zarantonello/my_ws/install/group_32_apriltag/share/group_32_apriltag/package.dsv'
[0.707s] INFO:colcon.colcon_core.shell:Creating package script '/home/michele-zarantonello/my_ws/install/group_32_apriltag/share/group_32_apriltag/package.sh'
[0.708s] INFO:colcon.colcon_core.shell:Creating package script '/home/michele-zarantonello/my_ws/install/group_32_apriltag/share/group_32_apriltag/package.bash'
[0.709s] INFO:colcon.colcon_core.shell:Creating package script '/home/michele-zarantonello/my_ws/install/group_32_apriltag/share/group_32_apriltag/package.zsh'
[0.710s] Level 1:colcon.colcon_core.environment:create_file_with_runtime_dependencies(/home/michele-zarantonello/my_ws/install/group_32_apriltag/share/colcon-core/packages/group_32_apriltag)
[0.711s] Level 1:colcon.colcon_core.environment:create_environment_scripts_only(group_32_apriltag)
[0.712s] Level 1:colcon.colcon_core.environment:checking '/home/michele-zarantonello/my_ws/install/group_32_apriltag' for CMake module files
[0.713s] Level 1:colcon.colcon_core.environment:checking '/home/michele-zarantonello/my_ws/install/group_32_apriltag' for CMake config files
[0.713s] Level 1:colcon.colcon_core.shell:create_environment_hook('group_32_apriltag', 'cmake_prefix_path')
[0.713s] INFO:colcon.colcon_core.shell:Creating environment hook '/home/michele-zarantonello/my_ws/install/group_32_apriltag/share/group_32_apriltag/hook/cmake_prefix_path.ps1'
[0.714s] INFO:colcon.colcon_core.shell:Creating environment descriptor '/home/michele-zarantonello/my_ws/install/group_32_apriltag/share/group_32_apriltag/hook/cmake_prefix_path.dsv'
[0.715s] INFO:colcon.colcon_core.shell:Creating environment hook '/home/michele-zarantonello/my_ws/install/group_32_apriltag/share/group_32_apriltag/hook/cmake_prefix_path.sh'
[0.716s] Level 1:colcon.colcon_core.environment:checking '/home/michele-zarantonello/my_ws/install/group_32_apriltag/lib'
[0.716s] Level 1:colcon.colcon_core.shell:create_environment_hook('group_32_apriltag', 'ld_library_path_lib')
[0.716s] INFO:colcon.colcon_core.shell:Creating environment hook '/home/michele-zarantonello/my_ws/install/group_32_apriltag/share/group_32_apriltag/hook/ld_library_path_lib.ps1'
[0.717s] INFO:colcon.colcon_core.shell:Creating environment descriptor '/home/michele-zarantonello/my_ws/install/group_32_apriltag/share/group_32_apriltag/hook/ld_library_path_lib.dsv'
[0.717s] INFO:colcon.colcon_core.shell:Creating environment hook '/home/michele-zarantonello/my_ws/install/group_32_apriltag/share/group_32_apriltag/hook/ld_library_path_lib.sh'
[0.718s] Level 1:colcon.colcon_core.environment:checking '/home/michele-zarantonello/my_ws/install/group_32_apriltag/bin'
[0.718s] Level 1:colcon.colcon_core.environment:checking '/home/michele-zarantonello/my_ws/install/group_32_apriltag/lib/pkgconfig/group_32_apriltag.pc'
[0.718s] Level 1:colcon.colcon_core.environment:checking '/home/michele-zarantonello/my_ws/install/group_32_apriltag/lib/python3.12/site-packages'
[0.719s] Level 1:colcon.colcon_core.environment:checking '/home/michele-zarantonello/my_ws/install/group_32_apriltag/bin'
[0.719s] INFO:colcon.colcon_core.shell:Creating package script '/home/michele-zarantonello/my_ws/install/group_32_apriltag/share/group_32_apriltag/package.ps1'
[0.720s] INFO:colcon.colcon_core.shell:Creating package descriptor '/home/michele-zarantonello/my_ws/install/group_32_apriltag/share/group_32_apriltag/package.dsv'
[0.722s] INFO:colcon.colcon_core.shell:Creating package script '/home/michele-zarantonello/my_ws/install/group_32_apriltag/share/group_32_apriltag/package.sh'
[0.724s] INFO:colcon.colcon_core.shell:Creating package script '/home/michele-zarantonello/my_ws/install/group_32_apriltag/share/group_32_apriltag/package.bash'
[0.726s] INFO:colcon.colcon_core.shell:Creating package script '/home/michele-zarantonello/my_ws/install/group_32_apriltag/share/group_32_apriltag/package.zsh'
[0.727s] Level 1:colcon.colcon_core.environment:create_file_with_runtime_dependencies(/home/michele-zarantonello/my_ws/install/group_32_apriltag/share/colcon-core/packages/group_32_apriltag)
[0.739s] DEBUG:colcon.colcon_core.event_handler.log_command:Invoked command in '/home/michele-zarantonello/my_ws/build/ir_movit_config' returned '0': CMAKE_PREFIX_PATH=/home/michele-zarantonello/my_ws/install/ir_desription:/home/michele-zarantonello/my_ws/install/my_navigation:/home/michele-zarantonello/my_ws/install/my_launch:/home/michele-zarantonello/my_ws/install/my_apriltag:/home/michele-zarantonello/my_ws/install/ir_movit_config:/home/michele-zarantonello/my_ws/install/ir_launch:/home/michele-zarantonello/my_ws/install/ir_base:/home/michele-zarantonello/my_ws/install/group_32_navigation:/home/michele-zarantonello/my_ws/install/group_32_launch:/home/michele-zarantonello/my_ws/install/group_32_apriltag:/home/michele-zarantonello/my_ws/install/assignment_1:/home/michele-zarantonello/my_ws/install/apriltag_ros:/opt/ros/jazzy/opt/gz_sim_vendor:/opt/ros/jazzy/opt/gz_sensors_vendor:/opt/ros/jazzy/opt/gz_physics_vendor:/opt/ros/jazzy/opt/sdformat_vendor:/opt/ros/jazzy/opt/gz_gui_vendor:/opt/ros/jazzy/opt/gz_transport_vendor:/opt/ros/jazzy/opt/gz_rendering_vendor:/opt/ros/jazzy/opt/gz_plugin_vendor:/opt/ros/jazzy/opt/gz_fuel_tools_vendor:/opt/ros/jazzy/opt/gz_msgs_vendor:/opt/ros/jazzy/opt/gz_common_vendor:/opt/ros/jazzy/opt/gz_math_vendor:/opt/ros/jazzy/opt/gz_utils_vendor:/opt/ros/jazzy/opt/gz_tools_vendor:/opt/ros/jazzy/opt/gz_ogre_next_vendor:/opt/ros/jazzy/opt/gz_dartsim_vendor:/opt/ros/jazzy/opt/gz_cmake_vendor:/opt/ros/jazzy DEBUGINFOD_URLS=https://debuginfod.ubuntu.com /usr/bin/cmake --build /home/michele-zarantonello/my_ws/build/ir_movit_config -- -j8 -l8
[0.741s] DEBUG:colcon.colcon_core.event_handler.log_command:Invoking command in '/home/michele-zarantonello/my_ws/build/ir_movit_config': CMAKE_PREFIX_PATH=/home/michele-zarantonello/my_ws/install/ir_desription:/home/michele-zarantonello/my_ws/install/my_navigation:/home/michele-zarantonello/my_ws/install/my_launch:/home/michele-zarantonello/my_ws/install/my_apriltag:/home/michele-zarantonello/my_ws/install/ir_movit_config:/home/michele-zarantonello/my_ws/install/ir_launch:/home/michele-zarantonello/my_ws/install/ir_base:/home/michele-zarantonello/my_ws/install/group_32_navigation:/home/michele-zarantonello/my_ws/install/group_32_launch:/home/michele-zarantonello/my_ws/install/group_32_apriltag:/home/michele-zarantonello/my_ws/install/assignment_1:/home/michele-zarantonello/my_ws/install/apriltag_ros:/opt/ros/jazzy/opt/gz_sim_vendor:/opt/ros/jazzy/opt/gz_sensors_vendor:/opt/ros/jazzy/opt/gz_physics_vendor:/opt/ros/jazzy/opt/sdformat_vendor:/opt/ros/jazzy/opt/gz_gui_vendor:/opt/ros/jazzy/opt/gz_transport_vendor:/opt/ros/jazzy/opt/gz_rendering_vendor:/opt/ros/jazzy/opt/gz_plugin_vendor:/opt/ros/jazzy/opt/gz_fuel_tools_vendor:/opt/ros/jazzy/opt/gz_msgs_vendor:/opt/ros/jazzy/opt/gz_common_vendor:/opt/ros/jazzy/opt/gz_math_vendor:/opt/ros/jazzy/opt/gz_utils_vendor:/opt/ros/jazzy/opt/gz_tools_vendor:/opt/ros/jazzy/opt/gz_ogre_next_vendor:/opt/ros/jazzy/opt/gz_dartsim_vendor:/opt/ros/jazzy/opt/gz_cmake_vendor:/opt/ros/jazzy DEBUGINFOD_URLS=https://debuginfod.ubuntu.com /usr/bin/cmake --install /home/michele-zarantonello/my_ws/build/ir_movit_config
[0.757s] Level 1:colcon.colcon_core.environment:create_environment_scripts_only(ir_movit_config)
[0.758s] Level 1:colcon.colcon_core.environment:checking '/home/michele-zarantonello/my_ws/install/ir_movit_config' for CMake module files
[0.761s] Level 1:colcon.colcon_core.environment:checking '/home/michele-zarantonello/my_ws/install/ir_movit_config' for CMake config files
[0.763s] DEBUG:colcon.colcon_core.event_handler.log_command:Invoked command in '/home/michele-zarantonello/my_ws/build/ir_movit_config' returned '0': CMAKE_PREFIX_PATH=/home/michele-zarantonello/my_ws/install/ir_desription:/home/michele-zarantonello/my_ws/install/my_navigation:/home/michele-zarantonello/my_ws/install/my_launch:/home/michele-zarantonello/my_ws/install/my_apriltag:/home/michele-zarantonello/my_ws/install/ir_movit_config:/home/michele-zarantonello/my_ws/install/ir_launch:/home/michele-zarantonello/my_ws/install/ir_base:/home/michele-zarantonello/my_ws/install/group_32_navigation:/home/michele-zarantonello/my_ws/install/group_32_launch:/home/michele-zarantonello/my_ws/install/group_32_apriltag:/home/michele-zarantonello/my_ws/install/assignment_1:/home/michele-zarantonello/my_ws/install/apriltag_ros:/opt/ros/jazzy/opt/gz_sim_vendor:/opt/ros/jazzy/opt/gz_sensors_vendor:/opt/ros/jazzy/opt/gz_physics_vendor:/opt/ros/jazzy/opt/sdformat_vendor:/opt/ros/jazzy/opt/gz_gui_vendor:/opt/ros/jazzy/opt/gz_transport_vendor:/opt/ros/jazzy/opt/gz_rendering_vendor:/opt/ros/jazzy/opt/gz_plugin_vendor:/opt/ros/jazzy/opt/gz_fuel_tools_vendor:/opt/ros/jazzy/opt/gz_msgs_vendor:/opt/ros/jazzy/opt/gz_common_vendor:/opt/ros/jazzy/opt/gz_math_vendor:/opt/ros/jazzy/opt/gz_utils_vendor:/opt/ros/jazzy/opt/gz_tools_vendor:/opt/ros/jazzy/opt/gz_ogre_next_vendor:/opt/ros/jazzy/opt/gz_dartsim_vendor:/opt/ros/jazzy/opt/gz_cmake_vendor:/opt/ros/jazzy DEBUGINFOD_URLS=https://debuginfod.ubuntu.com /usr/bin/cmake --install /home/michele-zarantonello/my_ws/build/ir_movit_config
[0.764s] Level 1:colcon.colcon_core.shell:create_environment_hook('ir_movit_config', 'cmake_prefix_path')
[0.764s] INFO:colcon.colcon_core.shell:Creating environment hook '/home/michele-zarantonello/my_ws/install/ir_movit_config/share/ir_movit_config/hook/cmake_prefix_path.ps1'
[0.765s] INFO:colcon.colcon_core.shell:Creating environment descriptor '/home/michele-zarantonello/my_ws/install/ir_movit_config/share/ir_movit_config/hook/cmake_prefix_path.dsv'
[0.765s] INFO:colcon.colcon_core.shell:Creating environment hook '/home/michele-zarantonello/my_ws/install/ir_movit_config/share/ir_movit_config/hook/cmake_prefix_path.sh'
[0.766s] Level 1:colcon.colcon_core.environment:checking '/home/michele-zarantonello/my_ws/install/ir_movit_config/lib'
[0.766s] Level 1:colcon.colcon_core.environment:checking '/home/michele-zarantonello/my_ws/install/ir_movit_config/bin'
[0.766s] Level 1:colcon.colcon_core.environment:checking '/home/michele-zarantonello/my_ws/install/ir_movit_config/lib/pkgconfig/ir_movit_config.pc'
[0.767s] Level 1:colcon.colcon_core.environment:checking '/home/michele-zarantonello/my_ws/install/ir_movit_config/lib/python3.12/site-packages'
[0.767s] Level 1:colcon.colcon_core.environment:checking '/home/michele-zarantonello/my_ws/install/ir_movit_config/bin'
[0.767s] INFO:colcon.colcon_core.shell:Creating package script '/home/michele-zarantonello/my_ws/install/ir_movit_config/share/ir_movit_config/package.ps1'
[0.768s] INFO:colcon.colcon_core.shell:Creating package descriptor '/home/michele-zarantonello/my_ws/install/ir_movit_config/share/ir_movit_config/package.dsv'
[0.768s] INFO:colcon.colcon_core.shell:Creating package script '/home/michele-zarantonello/my_ws/install/ir_movit_config/share/ir_movit_config/package.sh'
[0.769s] INFO:colcon.colcon_core.shell:Creating package script '/home/michele-zarantonello/my_ws/install/ir_movit_config/share/ir_movit_config/package.bash'
[0.769s] INFO:colcon.colcon_core.shell:Creating package script '/home/michele-zarantonello/my_ws/install/ir_movit_config/share/ir_movit_config/package.zsh'
[0.770s] Level 1:colcon.colcon_core.environment:create_file_with_runtime_dependencies(/home/michele-zarantonello/my_ws/install/ir_movit_config/share/colcon-core/packages/ir_movit_config)
[0.770s] Level 1:colcon.colcon_core.environment:create_environment_scripts_only(ir_movit_config)
[0.770s] Level 1:colcon.colcon_core.environment:checking '/home/michele-zarantonello/my_ws/install/ir_movit_config' for CMake module files
[0.771s] Level 1:colcon.colcon_core.environment:checking '/home/michele-zarantonello/my_ws/install/ir_movit_config' for CMake config files
[0.771s] Level 1:colcon.colcon_core.shell:create_environment_hook('ir_movit_config', 'cmake_prefix_path')
[0.771s] INFO:colcon.colcon_core.shell:Creating environment hook '/home/michele-zarantonello/my_ws/install/ir_movit_config/share/ir_movit_config/hook/cmake_prefix_path.ps1'
[0.771s] INFO:colcon.colcon_core.shell:Creating environment descriptor '/home/michele-zarantonello/my_ws/install/ir_movit_config/share/ir_movit_config/hook/cmake_prefix_path.dsv'
[0.772s] INFO:colcon.colcon_core.shell:Creating environment hook '/home/michele-zarantonello/my_ws/install/ir_movit_config/share/ir_movit_config/hook/cmake_prefix_path.sh'
[0.772s] Level 1:colcon.colcon_core.environment:checking '/home/michele-zarantonello/my_ws/install/ir_movit_config/lib'
[0.772s] Level 1:colcon.colcon_core.environment:checking '/home/michele-zarantonello/my_ws/install/ir_movit_config/bin'
[0.772s] Level 1:colcon.colcon_core.environment:checking '/home/michele-zarantonello/my_ws/install/ir_movit_config/lib/pkgconfig/ir_movit_config.pc'
[0.773s] Level 1:colcon.colcon_core.environment:checking '/home/michele-zarantonello/my_ws/install/ir_movit_config/lib/python3.12/site-packages'
[0.773s] Level 1:colcon.colcon_core.environment:checking '/home/michele-zarantonello/my_ws/install/ir_movit_config/bin'
[0.773s] INFO:colcon.colcon_core.shell:Creating package script '/home/michele-zarantonello/my_ws/install/ir_movit_config/share/ir_movit_config/package.ps1'
[0.774s] INFO:colcon.colcon_core.shell:Creating package descriptor '/home/michele-zarantonello/my_ws/install/ir_movit_config/share/ir_movit_config/package.dsv'
[0.774s] INFO:colcon.colcon_core.shell:Creating package script '/home/michele-zarantonello/my_ws/install/ir_movit_config/share/ir_movit_config/package.sh'
[0.774s] INFO:colcon.colcon_core.shell:Creating package script '/home/michele-zarantonello/my_ws/install/ir_movit_config/share/ir_movit_config/package.bash'
[0.775s] INFO:colcon.colcon_core.shell:Creating package script '/home/michele-zarantonello/my_ws/install/ir_movit_config/share/ir_movit_config/package.zsh'
[0.775s] Level 1:colcon.colcon_core.environment:create_file_with_runtime_dependencies(/home/michele-zarantonello/my_ws/install/ir_movit_config/share/colcon-core/packages/ir_movit_config)
[0.775s] DEBUG:colcon.colcon_parallel_executor.executor.parallel:closing loop
[0.776s] DEBUG:colcon.colcon_parallel_executor.executor.parallel:loop closed
[0.776s] DEBUG:colcon.colcon_parallel_executor.executor.parallel:run_until_complete finished with '0'
[0.776s] DEBUG:colcon.colcon_core.event_reactor:joining thread
[0.784s] INFO:colcon.colcon_core.plugin_system:Skipping extension 'colcon_notification.desktop_notification.terminal_notifier': Not used on non-Darwin systems
[0.784s] INFO:colcon.colcon_core.plugin_system:Skipping extension 'colcon_notification.desktop_notification.win32': Not used on non-Windows systems
[0.784s] INFO:colcon.colcon_notification.desktop_notification:Sending desktop notification using 'notify2'
[0.799s] DEBUG:colcon.colcon_core.event_reactor:joined thread
[0.799s] INFO:colcon.colcon_core.shell:Creating prefix script '/home/michele-zarantonello/my_ws/install/local_setup.ps1'
[0.800s] INFO:colcon.colcon_core.shell:Creating prefix util module '/home/michele-zarantonello/my_ws/install/_local_setup_util_ps1.py'
[0.801s] INFO:colcon.colcon_core.shell:Creating prefix chain script '/home/michele-zarantonello/my_ws/install/setup.ps1'
[0.804s] INFO:colcon.colcon_core.shell:Creating prefix script '/home/michele-zarantonello/my_ws/install/local_setup.sh'
[0.805s] INFO:colcon.colcon_core.shell:Creating prefix util module '/home/michele-zarantonello/my_ws/install/_local_setup_util_sh.py'
[0.806s] INFO:colcon.colcon_core.shell:Creating prefix chain script '/home/michele-zarantonello/my_ws/install/setup.sh'
[0.808s] INFO:colcon.colcon_core.shell:Creating prefix script '/home/michele-zarantonello/my_ws/install/local_setup.bash'
[0.809s] INFO:colcon.colcon_core.shell:Creating prefix chain script '/home/michele-zarantonello/my_ws/install/setup.bash'
[0.810s] INFO:colcon.colcon_core.shell:Creating prefix script '/home/michele-zarantonello/my_ws/install/local_setup.zsh'
[0.811s] INFO:colcon.colcon_core.shell:Creating prefix chain script '/home/michele-zarantonello/my_ws/install/setup.zsh'
